spotify_uri,artist,track_name,first_seen_utc,playlist_uri,context
spotify:track:018zT8xThRbMH2QeUoMlKQ,Avenged Sevenfold,Warmness On The Soul,2026-02-04T17:15:26.766Z,,BasslineRequests
spotify:track:01CYr3t0hedD915PmI5l4D,Avenged Sevenfold,Trashed and Scattered,2026-02-04T17:15:26.766Z,,BasslineRequests
spotify:track:01ZG6VNmqta0ZV23kJfvIS,Mari Cafferty,Lively Bluebottle,2026-01-08T04:00:34.491Z,,BasslineRequests
spotify:track:04Ue04iTcYkmOBuJydnveM,Angine de Poitrine,Tamebsz,2026-03-04T17:35:54.518Z,,AudioResolve
spotify:track:04nttVuhetahcFOSSoc9Wh,Kai Stellar,Rose Quartz,2026-01-07T03:13:16.844Z,,BasslineRequests
spotify:track:04vGO36ZMrGzqNjTVdopHL,Mickey Avalon,Stroke Me,2026-03-22T22:17:34.143Z,,AudioResolve
spotify:track:054npqr8dWDHfI9rLOGyN8,Avenged Sevenfold,Magic,2026-02-04T17:15:26.766Z,,BasslineRequests
spotify:track:05HqjPoKx7quO5saF51oDe,pkwy.,evergreen,2026-03-26T21:42:28.770Z,,BasslineRequests
spotify:track:06RKqktximm0kH8NVvxTyN,Deftones,Cherry Waves,2026-01-09T21:05:27.633Z,,BasslineRequests
spotify:track:08c227YUQqgMFZvpqxPJO3,Mr. Bill,Loaf Boi,2026-01-05T21:49:25.778Z,,BasslineRequests
spotify:track:09Btkoj4YIm36KVJqomiCE,"BADBADNOTGOOD, V.C.R",Found A Light (Beale Street),2025-12-31T01:10:44.483Z,,BasslineRequests
spotify:track:09CnYHiZ5jGT1wr1TXJ9Zt,"Dimitri Vegas & Like Mike, Tiësto, Dido, W&W, Dimitri Vegas, Like Mike",Thank You (Not So Bad),2026-03-25T21:01:37.016Z,,AudioResolve
spotify:track:09kMIxptm0HflCqI2pxIKE,Sex Brain,Crush - Instrumental,2026-03-05T06:21:40.052Z,,BasslineRequests
spotify:track:0Am6iu77p6vMJ67U3CTS7k,Aumira,Arndale,2026-03-26T21:42:28.770Z,,BasslineRequests
spotify:track:0B97qFqGUnLvV2tXZpXfxf,Bits & Noise,Deep Sleep Brown Noise,2026-02-05T00:29:27.085Z,,AudioResolve
spotify:track:0BTdh7e4WYzIE5fzrHSNzQ,Noise Advisor,Infinite Pink Noise,2026-02-02T23:21:00.871Z,,BasslineRequests
spotify:track:0CAfXk7DXMnon4gLudAp7J,"Flo Rida, T-Pain",Low (feat. T-Pain),2026-01-01T06:01:51.092Z,,BasslineRequests
spotify:track:0CeIRy62TCrofemvXIppqR,The Clear Mind,Napping on the Couch With Pink Noise,2026-02-02T23:21:00.871Z,,BasslineRequests
spotify:track:0Cy71ynWqU8ujRQTeAtX1u,Of The Trees,Dolori,2026-02-08T03:53:53.999Z,,BasslineRequests
spotify:track:0DMU0QiSypeYxL6BYdxjcy,Deftones,my mind is a mountain,2026-01-02T22:48:36.263Z,,BasslineRequests
spotify:track:0DkmhHO4yyqCJFjosmmWPU,Avenged Sevenfold,Almost Easy,2026-02-04T17:15:26.766Z,,BasslineRequests
spotify:track:0DpHx9lNkNymaSdFALmBxY,Sessa,Estrela Acesa,2026-01-12T06:32:47.779Z,,BasslineRequests
spotify:track:0DsAxHjchu8vzMrumD3KsR,Pedestrian Tactics,Nerds Trying To Dance,2026-01-05T21:35:16.301Z,,BasslineRequests
spotify:track:0EIO8ORzhZoYRao0TIjTbv,This Will Destroy You,Happiness: We're All in It Together,2026-02-02T23:24:42.970Z,,BasslineRequests
spotify:track:0FAlx7lzniash1rwKeFjJN,Rosinha De Valença,Concierto de Aranjuez,2026-01-12T05:16:13.165Z,,BasslineRequests
spotify:track:0FP5OfpcI9mWQ25HPoXjae,OmniBrain,Becomes Light,2026-01-08T05:14:24.667Z,,AudioResolve
spotify:track:0FUfELSRqA1sjSAC7kLxfV,"The Still Brothers, Marina B",Wake Up,2026-01-12T04:59:09.505Z,,BasslineRequests
spotify:track:0Fnb2pfBfu0ka33d6Yki17,Bob Dylan,All Along the Watchtower,2026-03-27T00:48:54.863Z,,AudioResolve
spotify:track:0GtNrtrODf1NB50xZXgDUF,This Will Destroy You,Many of Them,2026-02-02T23:21:06.729Z,,BasslineRequests
spotify:track:0GxV3poTM7Z7fKSUqy5qFw,Cream,Tales Of Brave Ulysses,2026-03-06T00:28:35.927Z,,BasslineRequests
spotify:track:0HOK3eq2p9A7bgn3X4orMC,Mudvayne,Hurt People Hurt People,2026-01-19T04:15:51.015Z,,AudioResolve
spotify:track:0IwfFkgU1Ee2ekPb74RcpX,myndstream,Surfacing,2026-01-12T02:12:06.127Z,,AudioResolve
spotify:track:0JUZetZb7lxLsmT7HwNCQv,Avenged Sevenfold,We Love You,2026-02-04T17:15:26.766Z,,BasslineRequests
spotify:track:0K06JwjnQVFwCFwpKGZnPt,Angine de Poitrine,Sahardnieh,2026-03-05T00:45:20.777Z,,BasslineRequests
spotify:track:0K6bM8wUaxWYW5OXmnL5Wf,Jkyl & Hyde,Sensory Session,2026-02-07T22:12:45.376Z,spotify:playlist:3UqoL2pn0nLAdDp9KiLsuh,AddedToPlaylist
spotify:track:0KVWr73gPbXb7aPMJi8i5i,Waking Up Inside,Boundless,2026-03-26T21:42:28.770Z,,BasslineRequests
spotify:track:0M5NH22uVXHSXjSi5SXTXM,Deftones,i think about you all the time,2026-01-02T19:53:45.074Z,,BasslineRequests
spotify:track:0M955bMOoilikPXwKLYpoi,Three Days Grace,I Hate Everything About You,2026-01-02T05:37:49.601Z,,BasslineRequests
spotify:track:0MDmycrY0Lxs4CUwRTbjT8,IRYS BLÜM,Moon Wake,2026-01-06T23:26:09.713Z,,BasslineRequests
spotify:track:0MEvJkkyhAcckyWkVksbzI,Soundgarden,Outshined,2026-01-04T02:40:09.536Z,,BasslineRequests
spotify:track:0NKsx600VBe2TkcXRPeu28,Universal Waves,The Soothing Pink,2026-02-02T23:21:00.864Z,,BasslineRequests
spotify:track:0NSIeaa8SDSbm1LACOsGh7,Mr. Bill,Ejecta,2026-01-22T18:04:01.600Z,,BasslineRequests
spotify:track:0OQtu3yLqN8nowTYhTTZJe,Whisper Thread,Solitude Valley,2026-03-26T21:42:28.811Z,,BasslineRequests
spotify:track:0OUQ1NJxeDkAEt7LHTFiel,"Pedro Mizutani, Skinshape",Eu Pensei,2026-01-11T21:07:06.194Z,,BasslineRequests
spotify:track:0PicuPCfXDJyyRtOR1ukGW,Deftones,Bored,2026-01-02T22:44:29.955Z,,BasslineRequests
spotify:track:0PmMO30rPCkBk3jV5kbvoz,Luiz Henrique,Vivo Sonhando (Dreamer),2026-01-12T06:02:12.441Z,,BasslineRequests
spotify:track:0Q0c9S8vzdO2KiMwuDTHyz,Russian Circles,Geneva,2026-03-16T20:00:23.231Z,,BasslineRequests
spotify:track:0QdagWnOd3GzMCBu57efgp,Fleetwood Mac,"Oh Well, Pt. 1 - 2013 Remaster",2026-03-06T00:25:12.997Z,,BasslineRequests
spotify:track:0Qrb3L8JgreLBW8g4qyan9,Deftones,Back to School (Mini Maggit),2026-01-02T21:41:29.327Z,,BasslineRequests
spotify:track:0RLhtEt50QUwKXNwKI4dSJ,Deftones,Leathers,2026-01-02T22:19:18.164Z,,BasslineRequests
spotify:track:0RvxYtPJcdcGNAk9fXx3bl,TesseracT,Dystopia - P O R T A L S,2026-02-03T00:01:55.155Z,,BasslineRequests
spotify:track:0S5eIoMCGJEzIhy1l2GtHy,H ZETTRIO,Nite Phase,2025-12-31T16:02:00.045Z,,BasslineRequests
spotify:track:0T1JQO6ClldcIFG5CbP4Ie,This Will Destroy You,Villa Del Refugio,2026-02-02T23:21:06.729Z,,BasslineRequests
spotify:track:0TGRztvdhUaCizGWjOBMIF,Karma Fields,Edge of the World,2026-01-06T00:10:08.613Z,,AudioResolve
spotify:track:0Tk4pI9NRJPGnzi8uGlFcF,Moon Waves,Spoken Dreams,2026-03-26T21:42:28.811Z,,BasslineRequests
spotify:track:0ToHhkK4qtwEyKOxhQpMbJ,"Crosby, Stills, Nash & Young",Ohio,2026-03-05T23:58:17.025Z,,BasslineRequests
spotify:track:0Tu3PCVFQ2xl0ojwPoGUEQ,ARTEMIS,Olive Branch,2025-12-31T02:11:44.267Z,,BasslineRequests
spotify:track:0UDmuU41mmXeVYQaLCNqlW,Victoria Canal,Talk,2026-02-03T06:20:45.764Z,,BasslineRequests
spotify:track:0Ui8KPWZbJJQ2Y0CIQuVqX,The Beatles,Paperback Writer - Remastered 2015,2026-03-05T23:46:39.554Z,,BasslineRequests
spotify:track:0UoCxmQeN0C53KdSh4QQ6b,Hanna Lindgren,Immersion,2026-01-06T18:07:05.106Z,,BasslineRequests
spotify:track:0UvZcEfpzVyx47QsRbjyBz,Bad Bunny,El Apagón,2026-02-12T16:52:52.980Z,,BasslineRequests
spotify:track:0Uy1VmHJOqQlEkSyYfs5mO,Pink Floyd,Hey You - Live,2026-03-22T17:57:10.114Z,,BasslineRequests
spotify:track:0V4lad1RekDL65Ewx8Aapr,One Zero 8,Pink Noise Candle,2026-02-02T23:21:00.871Z,,BasslineRequests
spotify:track:0VPvdfpgd0ey1pSVi411Wj,Alaskan Tapes,Field of Shapes,2026-03-26T21:42:28.770Z,,BasslineRequests
spotify:track:0VcvKN17fqyvbznfwypjDB,Kokoroko,Da Du Dah,2025-12-31T00:09:44.575Z,,BasslineRequests
spotify:track:0XMS3gFsLsCRnTxsHX9Bv3,Kublai Khan TX,Theory of Mind,2026-01-28T04:06:50.512Z,,AudioResolve
spotify:track:0Y3d2buDbjm0oWlxRf71xR,Owl Vision,Zepulchre,2026-01-05T21:57:04.414Z,,BasslineRequests
spotify:track:0YFDVDB2oOXw8zbry9V4Is,Russian Circles,Xavii,2026-03-16T20:18:02.330Z,,BasslineRequests
spotify:track:0YGPcFjfOZ36hccZzWBiDK,BCCF,Soft Pink Echoes,2026-02-02T23:21:00.871Z,,BasslineRequests
spotify:track:0YPg9B9SUzo528Pqhnlt62,Burial,Untrue,2026-02-21T08:24:14.224Z,,BasslineRequests
spotify:track:0Yc85tfYBkg1uS24FHBQO8,This Will Destroy You,War Prayer,2026-02-02T23:24:42.970Z,,BasslineRequests
spotify:track:0Z365TWysElRWVAOpxR6Ex,Russian Circles,Afrika,2026-03-02T23:07:25.278Z,,BasslineRequests
spotify:track:0ZCQ2N4v2CXGePgCzr7zJp,Russian Circles,New Macabre,2026-03-16T17:08:46.396Z,,BasslineRequests
spotify:track:0bERyVD3PtUd9aVzgt8u5b,This Will Destroy You,Burial On The Presidio Banks - Live,2026-02-02T23:21:06.729Z,,BasslineRequests
spotify:track:0bohmotsrCFyZ4Wfouo7CV,Everywhere Brown Noise,Brown Noise for Relaxing,2026-02-05T08:07:34.925Z,,AudioResolve
spotify:track:0cUVwbFjaKf0CN5Dwrynwb,"Bombs Away, Kratos, Balek",I Run,2026-01-01T06:02:04.466Z,,BasslineRequests
spotify:track:0cfOo5EPaqsOHcLPy5N6m5,This Will Destroy You,Garden,2026-02-02T23:21:06.729Z,,BasslineRequests
spotify:track:0e8C9dPERvvARURkNOFrrC,Moby,Go,2026-02-25T02:28:40.752Z,,AudioResolve
spotify:track:0eE1sEnpryJdapFNbMm9Ox,"Chad Lawson, Helios",fields of forever - helios rework,2026-01-06T17:58:02.262Z,,BasslineRequests
spotify:track:0eb3Lfm9KuyikiBFHuN2O3,Saturna,Luna,2026-02-08T03:36:40.097Z,,BasslineRequests
spotify:track:0eeunnn5H9Z5ftKNRYL0MP,Eclectic Elements,Calmide,2026-03-26T21:42:28.811Z,,BasslineRequests
spotify:track:0ez78bGJtTVEbvbilhqC1Z,Sessa,Infinitamente Nu - Instrumental,2026-01-12T05:53:21.184Z,,BasslineRequests
spotify:track:0fS7uJav3YGDivO8kxfNUt,"Beacon, Lake Turner",Feel Something - Lake Turner Remix,2026-03-22T06:42:57.468Z,,BasslineRequests
spotify:track:0fea68AdmYNygeTGI4RC18,"J Balvin, Bad Bunny",LA CANCIÓN,2026-02-12T17:01:30.128Z,,BasslineRequests
spotify:track:0fnY4MQat2zJsb8FKyLM9D,Chris Isaak,Lie To Me,2026-01-29T16:01:55.412Z,,BasslineRequests
spotify:track:0foUqfFNnzCnlSroyvsONr,Avenged Sevenfold,Remenissions,2026-02-04T17:15:26.766Z,,BasslineRequests
spotify:track:0fvUM4C6KiRGfXEcUeNZXZ,Mogwai,Mogwai Fear Satan,2026-03-03T15:45:32.652Z,,AudioResolve
spotify:track:0gCJkpD0RhF2rjiALLHBQL,"Crosby, Stills, Nash & Young",Almost Cut My Hair,2026-03-06T00:17:52.636Z,,BasslineRequests
spotify:track:0gHSTedEgju8bv1IsDRF0D,"Artifakts, Daily Bread",Next Level Style,2026-03-21T23:42:04.663Z,spotify:playlist:7HRSsuGlxMuQjKPps1iOXv,AddedToPlaylist
spotify:track:0gJ2QTuxqsjslinDF18BjE,Train Travlz,Epic Pink Slumber,2026-02-02T23:21:00.871Z,,BasslineRequests
spotify:track:0gNsDVkTEKNPL6t1FYjWlX,Ital Tek,Violet,2026-01-22T00:00:38.837Z,,BasslineRequests
spotify:track:0h6vLT1rLneoc5I4sOxvB1,Deftones,Ohms,2026-01-03T00:13:56.981Z,,BasslineRequests
spotify:track:0hEWvzkgbI301JZj947gFz,"攬佬SKAI ISYOURGOD, AR刘夫阳",大展鴻圖(Blueprint Supreme),2026-02-18T18:11:19.898Z,spotify:playlist:47RPN72vlgfw5XCWbX94rK,AddedToPlaylist
spotify:track:0hygkkzQkveds0THfmTWqt,Afandou,Oxygen Breeze,2026-03-26T21:42:28.770Z,,BasslineRequests
spotify:track:0j5X0AUS0xZOFPKDVNXTSQ,Volta Celeste,Niveo,2026-03-26T21:42:28.811Z,,BasslineRequests
spotify:track:0j9zwIzmUahsPyvWHFumrB,Leo Dey,Caelum Unda,2026-03-26T21:42:28.770Z,,BasslineRequests
spotify:track:0jO9mK8lM6hfljzgh5ZmlL,"Two Friends, HANGXIETY, maryjo",Trouble (Hangxiety Remix),2026-01-24T00:31:37.242Z,,AudioResolve
spotify:track:0jSbvMykmxFGgnaAK4e1Gv,Russian Circles,Malko,2026-01-28T22:07:35.379Z,,BasslineRequests
spotify:track:0jqblvsI9LBY4irmLVqqEO,Avenged Sevenfold,Welcome to the Family,2026-02-04T17:15:26.766Z,,BasslineRequests
spotify:track:0k8sY0HqcgFqWireLT4R3d,Filter,It's Gonna Kill Me,2026-01-22T03:12:06.443Z,,BasslineRequests
spotify:track:0kh4ysZyOVyEJ6t8CFazMS,Naibu,Concave,2026-01-23T21:35:49.869Z,,BasslineRequests
spotify:track:0l0vcZMU7AOeQmUIREoI2U,"Rauw Alejandro, Bad Bunny",Qué Pasaría...,2026-02-11T04:01:48.450Z,,BasslineRequests
spotify:track:0lOzGDHcPlUB1ZvXMWQ0Oh,The Chemical Brothers,One Too Many Mornings,2026-02-25T02:48:36.516Z,,BasslineRequests
spotify:track:0lqHgjNrXmtFroWDqwV1iQ,Deftones,Risk,2026-01-02T19:51:23.651Z,,BasslineRequests
spotify:track:0m5L3BRb1HtOxHVrBqxwYQ,Niebla Valley,Changing Colors,2026-03-26T21:42:28.811Z,,BasslineRequests
spotify:track:0mDLXI3zdG5qSbztubhevu,messwave,who we are,2026-03-21T23:42:04.663Z,spotify:playlist:7HRSsuGlxMuQjKPps1iOXv,AddedToPlaylist
spotify:track:0mYa3o6tlUN5HRippmKmwH,BLACKPINK,GO,2026-03-03T15:56:01.795Z,,AdvanceStuck
spotify:track:0n6HrC8sRJJ4X7bpdpP9g8,Russian Circles,Betrayal,2026-03-16T22:44:03.124Z,,BasslineRequests
spotify:track:0nUTag7PCxnAB3pUbHFk2s,Puddle of Head,Visions,2026-01-07T19:47:23.877Z,,BasslineRequests
spotify:track:0nwSibl6RX1s0TukA0E5dh,Vajrayana,Chaturanga,2026-01-06T17:46:28.878Z,,BasslineRequests
spotify:track:0qZ03ABKZsGbGhvh1zbbil,Spiritbox,Sun Killer,2026-02-03T03:21:52.507Z,,BasslineRequests
spotify:track:0rUo4fJz8LM9MgEt0CTgEu,Science Noise,Pink Dreams Drifting,2026-02-01T01:33:24.215Z,,BasslineRequests
spotify:track:0sKfhhj6hYyJIXnTiZV9vf,Sade,The Sweetest Taboo,2026-02-21T08:21:31.515Z,,BasslineRequests
spotify:track:0sLav5XNCHDoJl9SlC9sxY,"Skrxlla, WEARETHEGOOD",Caution (GOOD Remix),2026-03-21T23:42:04.663Z,spotify:playlist:7HRSsuGlxMuQjKPps1iOXv,AddedToPlaylist
spotify:track:0sVThvDiHEN2FXReG7wpBu,Moby,Rushing,2026-02-25T02:50:53.660Z,,BasslineRequests
spotify:track:0snQkGI5qnAmohLE7jTsTn,System Of A Down,Toxicity,2026-03-03T16:22:05.587Z,spotify:playlist:7DOUp4LwMVEqpnPOF3oeRC,AddedToPlaylist
spotify:track:0ssPYxdkEaFNHIh8PHdyIK,Ivy Lab,Cadillac,2026-03-21T23:42:04.663Z,spotify:playlist:7HRSsuGlxMuQjKPps1iOXv,AddedToPlaylist
spotify:track:0syqpdhBVg2Kt4j8qhJsQP,myndstream,Spaces,2026-01-06T23:09:16.816Z,,BasslineRequests
spotify:track:0t1hZ0jxJYQXD02UVSB69v,"Nyron Higor, Johanna",Estou Pensando Em Você,2026-01-11T20:45:46.439Z,,AudioResolve
spotify:track:0uhCArdyRY5xUbjLOYKSWe,"Aaron Hibell, Felsmann + Tiley",levitation,2026-02-07T22:12:45.376Z,spotify:playlist:3UqoL2pn0nLAdDp9KiLsuh,AddedToPlaylist
spotify:track:0vFOzaXqZHahrZp6enQwQb,Pink Floyd,Money,2026-03-06T00:35:29.992Z,,BasslineRequests
spotify:track:0vimGYDwG8kHSGqJysTdft,Astrofuss,Flamingo Pink Noise,2026-02-02T23:21:00.864Z,,BasslineRequests
spotify:track:0vnT7yMuP9TPxgVxdlLRa0,Ström,Brösull,2026-03-26T21:42:28.770Z,,BasslineRequests
spotify:track:0vytFOaDmk795776J0i9u4,The White Noise Travelers,Pink Noise SnooZzze,2026-02-02T23:21:00.871Z,,BasslineRequests
spotify:track:0wF6Fj7kEhrfVWC3AgCRBx,Daft Punk,Round One,2025-12-31T23:27:26.363Z,,BasslineRequests
spotify:track:0x68cz4KrfXFuUDmcrpYki,Lymbyc Systym,Narita,2026-02-02T23:21:06.729Z,,BasslineRequests
spotify:track:0x75FeB2cdXbpnSQzRI1U9,TesseracT,Juno - P O R T A L S,2026-02-03T00:01:55.155Z,,BasslineRequests
spotify:track:0zBL8PF4sKKWrUorGcMmEs,"INZO, Blookah",Nexum,2026-02-07T22:12:45.376Z,spotify:playlist:3UqoL2pn0nLAdDp9KiLsuh,AddedToPlaylist
spotify:track:0zGxmR5JVtMNAETyXsEwVk,The xx,Teardrops - Bonus,2026-01-03T21:54:01.390Z,,BasslineRequests
spotify:track:1158ckiB5S4cpsdYHDB9IF,Deftones,My Own Summer (Shove It),2026-01-02T19:22:38.901Z,,BasslineRequests
spotify:track:11ILGvsO3n1A33rW1OhzTL,Iota Psi,Triangulus,2026-03-26T21:42:28.770Z,,BasslineRequests
spotify:track:11POm9kHNa0FBSzKE4mfeH,This Will Destroy You,Melted Jubilee,2026-02-02T23:21:06.767Z,,BasslineRequests
spotify:track:11g6c8IPfXqoGQxq9eHCfx,Daniel Ciurlizza,The Body Snatcher,2025-12-31T23:09:29.227Z,,BasslineRequests
spotify:track:11mBqKPcfvRae5i4quBRIC,Somnography,Harmonic Rose,2026-02-02T23:21:00.864Z,,BasslineRequests
spotify:track:12Ypr3PCVJ2i7Uwz93q1Vl,Gesaffelstein,Opr,2026-02-07T22:12:45.376Z,spotify:playlist:3UqoL2pn0nLAdDp9KiLsuh,AddedToPlaylist
spotify:track:12c5EH0LBo7IM9PlsL305E,Nine Inch Nails,Out In The Open,2025-12-31T21:57:15.405Z,,BasslineRequests
spotify:track:131x8wpmyVT6u81i2nB1Wl,Sky Travis,Pink Balance,2026-02-02T23:21:00.864Z,,BasslineRequests
spotify:track:13XiNWucvgR9RGtjvlqJEg,"СОЮЗ, Kate NV",I Knew It,2026-01-12T05:49:16.148Z,,BasslineRequests
spotify:track:13Ym4BnHYalKDX53zwo0b6,Aunt Cynthia's Cabin,Which One Is the Jellyfish?,2026-03-05T20:17:43.588Z,,BasslineRequests
spotify:track:14iIYlgWniArkrdEO9grQf,"Trendsetter, Mark Holiday",Egyptian Story - Original EDM Trap Mix,2026-03-21T23:42:04.663Z,spotify:playlist:7HRSsuGlxMuQjKPps1iOXv,AddedToPlaylist
spotify:track:16EaSU49w1STNIYPQGPzyg,Mandala Dreams,Timelapse,2026-03-26T21:42:28.811Z,,BasslineRequests
spotify:track:176YSFY1QzlgX00FIJYzXn,TesseracT,Of Energy - P O R T A L S,2026-02-03T00:01:55.155Z,,BasslineRequests
spotify:track:17Ru0g9OPZA5Xz93wwewz4,Deep Vibrations,A Star Just for You,2026-03-26T21:42:28.770Z,,BasslineRequests
spotify:track:18AXbzPzBS8Y3AkgSxzJPb,Phil Collins,In The Air Tonight - 2015 Remastered,2026-03-26T05:28:17.380Z,,BasslineRequests
spotify:track:19vif5x0vGqHgc3GEirUqN,Jesse Welles,Join Ice,2026-01-26T04:47:02.371Z,,BasslineRequests
spotify:track:1ACsYcDFncj9N6hc2l2vE0,Russian Circles,Geneva - Live,2026-03-11T18:17:05.145Z,,BasslineRequests
spotify:track:1AYEiwjSTBSNhr8vd6RjD3,Mad Zach,Brootle,2026-02-07T22:12:45.376Z,spotify:playlist:3UqoL2pn0nLAdDp9KiLsuh,AddedToPlaylist
spotify:track:1Aic3Xbzma3Nb0sSwqGCdf,"Bob Moses, Kasablanca",Afterglow,2026-03-22T01:44:26.622Z,,AudioResolve
spotify:track:1Az1mgbkMSrmRfJWvz4ZmS,FX Soundtrap,Rose Haze Relaxation,2026-02-02T23:21:00.871Z,,BasslineRequests
spotify:track:1B10XgaxSXRLAFq967oMpF,Family of the Year,Hero,2026-01-01T18:08:07.452Z,,BasslineRequests
spotify:track:1BLfQ6dPXmuDrFmbdfW7Jl,Avenged Sevenfold,A Little Piece of Heaven,2026-02-04T16:34:20.243Z,,AudioResolve
spotify:track:1BSWSbY6bNrEnT7UArihyc,Sessa,Nuvem Vermelha - Instrumental,2026-01-12T05:09:47.836Z,,BasslineRequests
spotify:track:1CZ9WRJpBEkbAB0VGaocjL,Celestial Whisperer,A Stillness Made of Light,2026-03-26T21:42:28.770Z,,BasslineRequests
spotify:track:1Chjeu7itQhIgeL1HpVDuN,Silent Planet,Antimatter,2026-03-03T16:22:05.587Z,spotify:playlist:7DOUp4LwMVEqpnPOF3oeRC,AddedToPlaylist
spotify:track:1CibV0i5tzTI5Fvqeez6S7,Avenged Sevenfold,God Damn,2026-02-04T17:15:26.766Z,,BasslineRequests
spotify:track:1DAhUwBgYhU35vU8WeAKkW,Nyron Higor,Som 24,2026-01-16T14:16:23.736Z,,BasslineRequests
spotify:track:1DogeQJg0tWMxcFODP3mur,"Preservation Brass, Preservation Hall Jazz Band",Bill Bailey Won't You Please Come Home,2025-12-31T04:29:53.108Z,,AudioResolve
spotify:track:1EKk6Xvei9N9scaQcrax2S,This Will Destroy You,The World Is Our ___,2026-02-02T23:10:46.565Z,,BasslineRequests
spotify:track:1EZ35gYHH03sSYn9f1zpLc,thrown,on the verge,2026-03-03T16:22:05.587Z,spotify:playlist:7DOUp4LwMVEqpnPOF3oeRC,AddedToPlaylist
spotify:track:1EryAkZ0VHstC6haIxVBiE,Deftones,Sextape,2026-01-02T19:32:03.321Z,,BasslineRequests
spotify:track:1ExOFHc92istWaKoWDSWXT,Serene & Pax,Warmth Of Day,2026-01-06T20:23:46.779Z,,BasslineRequests
spotify:track:1F8db84IejAyeXxBGGCa2d,"Nana The Shrimp, DZA",Fireworks,2026-01-05T21:42:03.792Z,,BasslineRequests
spotify:track:1FgEfJ03QIfIrYM1M9ur7C,Mário Rui Silva,Dembita,2026-01-12T16:19:13.212Z,,BasslineRequests
spotify:track:1HNE2PX70ztbEl6MLxrpNL,Sum 41,In Too Deep,2026-01-02T02:03:01.367Z,,BasslineRequests
spotify:track:1HlMK8DsZompEYFZUhGFkt,This Will Destroy You,Birth,2026-02-02T23:21:06.729Z,,BasslineRequests
spotify:track:1I8dHFP6Cu1I5zERjedTMJ,Oh Hiroshima,Wild Iris,2026-01-15T19:14:40.384Z,,AudioResolve
spotify:track:1IHWl5LamUGEuP4ozKQSXZ,Bad Bunny,Tití Me Preguntó,2026-02-11T03:35:04.077Z,,BasslineRequests
spotify:track:1IKnkAtTKion90wF8yxSgS,CUTS,Bunsen Burner,2025-12-31T21:07:29.858Z,,BasslineRequests
spotify:track:1IMSFuVK8PMeor5RPZmqJ7,Two People,Dream Steppin',2026-03-22T04:48:06.684Z,,AudioResolve
spotify:track:1KNCpsUEi6VdDIBzZ1cMVd,Air,Kelly Watch the Stars,2026-02-25T02:36:01.460Z,,BasslineRequests
spotify:track:1KbsFchJaw3BU5iwnTrd8s,"Hiromi, Sonicwonder",Yes! Ramen!! [Feat. Sonicwonder],2025-12-31T02:19:22.436Z,,BasslineRequests
spotify:track:1KiibjdEIWSrqSMTDcUvsx,This Will Destroy You,Burial on the Presidio Banks,2026-02-02T23:24:42.970Z,,BasslineRequests
spotify:track:1L7JoVsDMBVNLGUxeDczCV,"Theo Croker, Theophilus London, Nosaj Thing",sound(e)scape,2025-12-31T00:08:37.241Z,,AudioResolve
spotify:track:1LLiDI21J4WWlmqk7zsm9v,Spiritbox,Holy Roller,2026-01-16T03:23:46.800Z,,BasslineRequests
spotify:track:1LyaQYpdN0P5PN11iiuW3U,EXOA,Rosé Sleep Noise,2026-02-02T23:21:00.864Z,,BasslineRequests
spotify:track:1LzNfuep1bnAUR9skqdHCK,Mazzy Star,Fade Into You,2026-01-29T16:16:21.377Z,,BasslineRequests
spotify:track:1M29FjPFGTVhgZk4tk3ewD,Destinatus,The Unknown Calm,2026-01-07T01:11:17.115Z,,BasslineRequests
spotify:track:1MuoLhOp1fqqMjcxqlY3kU,This Will Destroy You,Syncage,2026-02-02T23:21:06.729Z,,BasslineRequests
spotify:track:1NCqCKgbhrpSyIoizfUaoI,Axial Flow,Gentle Hush,2026-01-07T04:14:00.136Z,,BasslineRequests
spotify:track:1NqdYSaZHD8MD7ojZ5rkCz,Pink Drift,Pink Noise for HRV,2026-02-02T23:21:00.871Z,,BasslineRequests
spotify:track:1O6gfaMYXq9PkRWVo7MLZY,Criollo Clouds,Change Is Coming,2026-03-26T21:42:28.811Z,,BasslineRequests
spotify:track:1Okd3c5XUtFsUp2XGZgPlf,This Will Destroy You,Black Dunes,2026-02-01T23:46:17.863Z,,BasslineRequests
spotify:track:1PGS2agV6xftu1tC4YkLWt,"Yarin Primak, Sémø",Rebel Soul,2026-03-21T23:42:04.663Z,spotify:playlist:7HRSsuGlxMuQjKPps1iOXv,AddedToPlaylist
spotify:track:1Pomzo56cjdsVjqOy96dy6,Mike Klubnika,General Release,2026-02-07T22:12:45.376Z,spotify:playlist:3UqoL2pn0nLAdDp9KiLsuh,AddedToPlaylist
spotify:track:1Q2BbUQKYaedcbjxFeJwds,Star Chip,Cherry Blossom Dreamin',2026-01-30T16:33:29.352Z,,BasslineRequests
spotify:track:1QpK1kMiRVa23A0bPYSzV3,Celestial Aura,Breathing Earth,2026-03-26T21:42:28.770Z,,BasslineRequests
spotify:track:1Qr6LFKNBFNNa2y6nMDO31,Brian Eno,2/1 - Remastered 2004,2026-01-07T00:27:54.622Z,,BasslineRequests
spotify:track:1Rezzt36ybaT2ZbDZpv83D,"Massive Attack, Elizabeth Fraser",Black Milk,2026-02-23T01:25:32.662Z,,BasslineRequests
spotify:track:1SIAgUGOnhYhGxxXaPWPJz,Blue Cliff,Four Gates,2026-01-06T17:39:02.814Z,,BasslineRequests
spotify:track:1SVKbBCCXx7tJZRURrM0cm,Little Pink Stars,Limitless Pink Noise,2026-02-02T23:21:00.871Z,,BasslineRequests
spotify:track:1SiNnuYtaNaY0krMs2FqIb,Ital Tek,Deadhead,2026-02-07T22:12:45.376Z,spotify:playlist:3UqoL2pn0nLAdDp9KiLsuh,AddedToPlaylist
spotify:track:1SldxgxQY8qqcdkqKMfnug,TesseracT,King - P O R T A L S,2026-01-28T18:04:16.419Z,,BasslineRequests
spotify:track:1SoXzhG9dJUsEgmsxurbRL,Astrofuss,The Flow of Pink Noise,2026-02-02T23:21:00.871Z,,BasslineRequests
spotify:track:1T7x7xoFg23FP8k597GJhu,"Rezident, LIAS",Feeling Fades,2026-03-22T03:12:50.889Z,,BasslineRequests
spotify:track:1TOYsMwlftOZ5GZL6sF8lF,HENGE,Slingshot,2026-03-20T02:24:31.895Z,,BasslineRequests
spotify:track:1Tjrhay8eQSfkOcqVh7PiQ,Brightlo,Pink Noise for Dreaming,2026-01-31T02:50:00.403Z,,BasslineRequests
spotify:track:1VA81WA3DyOqfZdkabH195,"Erot, Lauge",Chapter XI,2026-01-07T17:52:17.810Z,,BasslineRequests
spotify:track:1Vp8U39YNsDfd6yVuaUq12,Bruce Springsteen,Atlantic City,2026-02-21T08:26:05.211Z,,AudioResolve
spotify:track:1WWCfiqMouCWQzuadQuaTn,This Will Destroy You,Quiet - Live,2026-02-02T23:21:06.073Z,,BasslineRequests
spotify:track:1Wl1KASQ6HweiMALASXbbm,"Subtronics, Of The Trees",Hieroglyph - Of The Trees Remix,2026-02-07T22:12:45.376Z,spotify:playlist:3UqoL2pn0nLAdDp9KiLsuh,AddedToPlaylist
spotify:track:1XD4K4CGAKTIBmFpvuaFru,Jane Remover,Dancing with your eyes closed,2026-03-18T21:51:59.331Z,spotify:playlist:47RPN72vlgfw5XCWbX94rK,AddedToPlaylist
spotify:track:1XR1X1VTyTOVdPgH18RdME,Sade,Is It a Crime,2026-02-21T08:21:24.060Z,,AudioResolve
spotify:track:1XTGyfJeMiZXrZ1W3NolcB,Rage Against The Machine,Know Your Enemy,2026-01-06T03:46:11.928Z,,BasslineRequests
spotify:track:1Xb5UAKg5OdTHkg48FdQou,David Bowie,★,2026-01-10T23:29:35.467Z,,AudioResolve
spotify:track:1ZztqoyRA5tcSH6p39MtPV,Focus Noise,Pink Embrace,2026-02-02T23:21:00.871Z,,BasslineRequests
spotify:track:1aRtduEHwvk2AMR87ji9Tg,ODESZA,Intro,2026-03-06T16:54:29.397Z,,AudioResolve
spotify:track:1c7lfz5ROdrG8XvIHlibSl,HUMORME,Floating,2026-02-07T22:12:45.376Z,spotify:playlist:3UqoL2pn0nLAdDp9KiLsuh,AddedToPlaylist
spotify:track:1cGpUkGaa5fNasbM8lAVpo,Haworth in White,Blushing Pink Blanket,2026-01-30T18:03:04.873Z,,AudioResolve
spotify:track:1caT2YklnqZq35IcQ0oRLj,Buena Vista Social Club,Candela,2026-02-11T04:05:13.891Z,,BasslineRequests
spotify:track:1cnp7FGDQoF6i5zr3Ptogt,J. Cartwright,Distant Starfield,2026-03-26T21:42:28.770Z,,BasslineRequests
spotify:track:1dR0bURAUddHWEonsOzeq7,DEX 1200,Songfjord,2026-01-06T17:55:03.790Z,,BasslineRequests
spotify:track:1dRxToraiAwvUgVij6LK2R,"Two Fingers, Muadeep",Cronos,2026-03-21T23:42:04.663Z,spotify:playlist:7HRSsuGlxMuQjKPps1iOXv,AddedToPlaylist
spotify:track:1etg9ZF48GT76OBDJCcHKG,Maximilian Sievert,Untroubled,2026-01-07T17:02:42.041Z,,BasslineRequests
spotify:track:1f6RrSD2mtVAVdtoe9O7dS,This Will Destroy You,Burial on the Presidio Banks,2026-02-02T23:21:06.729Z,,BasslineRequests
spotify:track:1fLlRApgzxWweF1JTf8yM5,Linkin Park,Given Up,2026-03-03T16:22:05.587Z,spotify:playlist:7DOUp4LwMVEqpnPOF3oeRC,AddedToPlaylist
spotify:track:1fQaoh3imrMunWVZh5kf90,Avenged Sevenfold,Shepherd of Fire,2026-02-04T17:15:26.766Z,,BasslineRequests
spotify:track:1g9GiiPPaL7KcDHlDzu7lT,Geese,Au Pays du Cocaine,2026-01-30T03:51:06.707Z,,AudioResolve
spotify:track:1gExMyY0hcnLisq9OJRabP,Hollow Ship,Magic Mountain,2026-03-05T20:10:39.968Z,,BasslineRequests
spotify:track:1gzWd0ILFaCoHUfQSkCIvl,Deftones,Minerva,2026-01-09T17:03:27.054Z,,BasslineRequests
spotify:track:1hJ3YF0X4M683lIeSFm6Ca,Sessa,Grandeza,2026-01-12T06:15:39.369Z,,BasslineRequests
spotify:track:1hbgROhcjpfgiQ0hUJyxIA,Daren Crigler,Let's Start It (New Year's Eve Anthem),2026-01-01T05:50:49.698Z,,AudioResolve
spotify:track:1hrfvLgEC9lci0kB89QEQ0,Avenged Sevenfold,Carry On,2026-02-04T17:15:26.766Z,,BasslineRequests
spotify:track:1i8tx1ulCcTYqd17OSdj6i,"deadmau5, Foster The People",Hyperlandia - Club Mix,2026-03-23T02:20:15.041Z,,BasslineRequests
spotify:track:1iWeUrHB4p3jmdkR5Ix8Xn,Natures Orchestra,Sleepy Pink Horizon,2026-02-02T23:21:00.871Z,,BasslineRequests
spotify:track:1ifTsce0m6osgSi2zeXjJv,This Will Destroy You,Glass Realms - Live,2026-02-01T23:02:39.787Z,,BasslineRequests
spotify:track:1k2pQc5i348DCHwbn5KTdc,Chappell Roan,Pink Pony Club,2026-01-01T05:24:20.168Z,,BasslineRequests
spotify:track:1kZvOyo7g6k01Au6DuXY4Y,This Will Destroy You,Threads,2026-02-02T23:10:46.565Z,,BasslineRequests
spotify:track:1kbwEcixFWVj5dFO9Kso3J,Power Trip,Executioner's Tax (Swing of the Axe),2026-01-16T03:01:22.308Z,,BasslineRequests
spotify:track:1khVvTh3IMlsr3w4aafoMH,PXL PXL,Pink Noise to Concentrate,2026-02-02T23:21:00.871Z,,BasslineRequests
spotify:track:1lbNgoJ5iMrMluCyhI4OQP,"Fred again.., Skepta, PlaqueBoyMax",Victory Lap,2026-01-30T20:35:39.792Z,,AudioResolve
spotify:track:1li0WHMIRXN6PCLjT5CWf6,Orbit Noise,Clouds of Pink,2026-02-01T01:30:52.222Z,,BasslineRequests
spotify:track:1m2gvXZvcaqqySnAwMcP46,Russian Circles,Arluck,2026-03-12T18:05:12.073Z,,BasslineRequests
spotify:track:1nrj6SI6yvfkP8tWwaoLsb,Poppy,Guardian,2026-01-28T03:33:06.497Z,,AudioResolve
spotify:track:1oTKnx7AgEhA5wUs3Z8rrr,Deftones,Needles and Pins,2026-01-02T23:23:13.562Z,,BasslineRequests
spotify:track:1oWf71EPQVlawCcygiCbMy,"ODESZA, Julianna Barwick, Joseph Ray",This Version Of You - Joseph Ray Remix,2026-03-22T02:59:56.638Z,,AudioResolve
spotify:track:1oXNakJXbBA6ce9wrliKj3,Russian Circles,Vorel - Live,2026-01-14T02:18:48.972Z,,AudioResolve
spotify:track:1oagRT7LfpVlNJN6FSZDGp,Fall Out Boy,"This Ain't A Scene, It's An Arms Race",2026-01-02T03:35:26.804Z,,BasslineRequests
spotify:track:1obmQl9S7i562gCWxQWquX,Albalak,Ghost Mantis,2026-02-07T22:12:45.376Z,spotify:playlist:3UqoL2pn0nLAdDp9KiLsuh,AddedToPlaylist
spotify:track:1ooPkv9QwTUjkErmsDVLyB,"Skinshape, D'Alma",Sua Alma,2026-01-12T05:05:05.065Z,,BasslineRequests
spotify:track:1opNhHzl7YYxo1szmZOLAA,Sarah Vaughan,Whatever Lola Wants (Lola Gets),2026-03-07T22:44:42.486Z,,AudioResolve
spotify:track:1parffUcsk8pfGbyMtGnmW,Deftones,Tempest,2026-01-02T22:38:23.840Z,,BasslineRequests
spotify:track:1sBfyE1iF7RP3LTc0zUTdp,Soundgarden,Black Hole Sun,2026-01-03T22:53:09.260Z,,BasslineRequests
spotify:track:1sCYXHt2Jm1QV9j2sh3J63,Diamonds,Venus,2026-01-06T17:29:45.696Z,,BasslineRequests
spotify:track:1sOvloFISANQe6i655bm0n,Dreamstatician,Dreamiest Pink Cosiness,2026-02-02T23:21:00.871Z,,BasslineRequests
spotify:track:1tCqQSgqGCr3OTwnPS9H02,Russian Circles,Memoriam,2026-03-11T17:43:59.859Z,,BasslineRequests
spotify:track:1tDWVeCR9oWGX8d5J9rswk,Pink Floyd,Eclipse,2026-03-06T00:07:55.199Z,,BasslineRequests
spotify:track:1uQ845ihOMkqobUWhCnItd,Taeda Trees,Winds Talk,2026-03-26T21:42:28.770Z,,BasslineRequests
spotify:track:1vbn4OMVhCAjKhHvglhNCq,Iris Summers,Ivory Air,2026-03-26T21:42:28.770Z,,BasslineRequests
spotify:track:1wDwcxpFjSm8kiDYaDyK5F,Sessa,Vale a Pena,2026-02-01T03:11:38.406Z,,BasslineRequests
spotify:track:1xA87lWGnZlIjG8tw4327F,Avenged Sevenfold,Cosmic,2026-02-04T17:15:26.766Z,,BasslineRequests
spotify:track:1xCEbGzLziJymOiVfp0InZ,This Will Destroy You,Fair Breath,2026-02-02T23:21:06.767Z,,BasslineRequests
spotify:track:1xj9Mdr9jtBpRA6WqqMYbn,TesseracT,Juno,2026-01-28T03:13:07.072Z,,BasslineRequests
spotify:track:1yQBKkhafpJBiM7XQn8x1X,Romain Collin,Fake Plastic Trees,2026-03-26T21:42:28.811Z,,BasslineRequests
spotify:track:1yuMm6ZBS99CIg0IroXvxl,This Will Destroy You,Communal Blood - Live,2026-01-30T00:58:21.126Z,,BasslineRequests
spotify:track:1z00ZOyncZVlIjmTNsykuO,Freja Lönn,Skuggfält,2026-03-26T21:42:28.770Z,,BasslineRequests
spotify:track:1z1io5H0gfutwUNILCDshn,Of The Trees,Spanish Moss,2026-02-07T22:12:45.376Z,spotify:playlist:3UqoL2pn0nLAdDp9KiLsuh,AddedToPlaylist
spotify:track:1zFjaAiPxL4HiVUdWBsKR7,A Dreaming Machine,Pink Noise Healing Energies,2026-02-02T23:21:00.864Z,,BasslineRequests
spotify:track:1zV8I5R3dbcDl3FZeINjon,Natural Samples,Sleepy Pink Waves,2026-01-30T04:50:49.385Z,,AudioResolve
spotify:track:202Iq7Y2gZLXTIQrrvPjDc,Max Moller,Interspheres,2026-03-26T21:42:28.811Z,,BasslineRequests
spotify:track:20JRAHuyW3QPESinpsuxfR,"Tor, MA/AM",Find Another Way (Tor Remix),2026-01-10T21:44:39.016Z,,BasslineRequests
spotify:track:21F0LQvToi9dUfGF91Smue,Pink Orbit,Pink Noise Waterfall,2026-02-02T23:26:51.126Z,,BasslineRequests
spotify:track:22l0nWbnvw5hGt1Q0QvfWU,"ODESZA, Theodore Shapiro",Elevator Down - ODESZA Severance Remix,2026-03-04T06:54:01.099Z,spotify:playlist:47RPN72vlgfw5XCWbX94rK,AddedToPlaylist
spotify:track:22qNxMVP45kd9V2QOYuifW,Russian Circles,Betrayal,2026-03-12T03:30:11.638Z,,BasslineRequests
spotify:track:23RKOTLZoDH3gW67QJa5Ur,Russian Circles,Vlastimil,2026-03-13T01:45:48.366Z,,BasslineRequests
spotify:track:23ZfYXdy2deoaf4u1XObHZ,Deftones,Romantic Dreams,2026-01-02T22:28:15.882Z,,BasslineRequests
spotify:track:2463q6UN8BIDfeVI379qFz,Deftones,milk of the madonna,2026-01-02T22:55:37.738Z,,BasslineRequests
spotify:track:25AkHcUPs840Cx8ngT87Zo,The Inceptionists,Flamingo Soft Cuddles,2026-01-30T05:48:11.347Z,,AudioResolve
spotify:track:25WWFVlQtzccvTkmBBwa1g,Smoothe Sounds,Pink Noise Endless,2026-02-02T23:21:00.871Z,,BasslineRequests
spotify:track:25wXsX9NdXmZNotL2dS28A,This Will Destroy You,Go Away Closer,2026-02-02T23:21:06.729Z,,BasslineRequests
spotify:track:26ykYX8xQgECWm5ax7iVrX,"EAZYBAKED, Of The Trees",Sapped,2026-02-07T22:12:45.376Z,spotify:playlist:3UqoL2pn0nLAdDp9KiLsuh,AddedToPlaylist
spotify:track:27IefxbDpbUttNvJItkX9I,Sphyyres,Mellow Calming Noise,2026-01-31T05:14:07.378Z,,BasslineRequests
spotify:track:27fjJ16c52YBbCx2lKPIOV,Aetheria Solara,Escaping Time,2026-01-08T18:03:59.899Z,,BasslineRequests
spotify:track:28fw5agVCVceIiuWlnph2q,Ital Tek,Calitana's Handshake,2026-01-22T19:22:19.931Z,,BasslineRequests
spotify:track:28q0pUwcJRS2tGZsYH6xL5,Deftones,Lhabia,2026-01-05T20:11:31.589Z,,BasslineRequests
spotify:track:298Un7bK9KvpK023wvujo4,Etherielle,Parity,2026-03-26T21:42:28.811Z,,BasslineRequests
spotify:track:2AFszQ6qchUtUO0vZvqh04,Sabrepulse,Banish,2026-01-05T23:09:10.647Z,,BasslineRequests
spotify:track:2ASygm7048ssav4ekbehPS,Deftones,Beware,2026-01-02T22:13:16.928Z,,BasslineRequests
spotify:track:2AgCzAxuBcVlgfuC0h0MRS,Deftones,Digital Bath - Acoustic; 2005 Remaster,2026-01-09T21:06:00.544Z,,BasslineRequests
spotify:track:2AoLitWjr9Fr249sjW4wXQ,San Sebastiano,SOS-Pink Noise,2026-02-02T23:21:00.864Z,,BasslineRequests
spotify:track:2B3Dq00eKk3niELFId64sB,This Will Destroy You,New Shaper,2026-02-01T23:42:45.885Z,,BasslineRequests
spotify:track:2BMqay80iBzZTa608Y1eG1,The Beatles,I Me Mine - Remastered 2009,2026-01-13T01:01:19.797Z,,AudioResolve
spotify:track:2BtYcKjUWRGTWDbweLhqBT,TesseracT,Orbital - P O R T A L S,2026-02-03T00:01:55.155Z,,BasslineRequests
spotify:track:2CoC3apW4ahryZB9vCoGKT,"_BY.ALEXANDER, HAWA, Ghostface Killah, Rapsody","the decoupling of the nuclear family FEAT HAWA, GHOSTFACE KILLAH & RAPSODY",2025-12-31T19:08:10.374Z,,BasslineRequests
spotify:track:2CtlenYH17sZ8Mzg9tgT1K,Avenged Sevenfold,Desecrate Through Reverence,2026-02-04T17:15:26.766Z,,BasslineRequests
spotify:track:2DEZmgHKAvm41k4J3R2E9Y,"Bad Bunny, Jowell & Randy, Ñengo Flow",Safaera,2026-03-24T19:11:38.809Z,,AdvanceStuck
spotify:track:2DZNHwQHjsAExRxTlX98so,"Mark Barrott, Peter Sandberg",The Light Is Still There - Peter Sandberg Remix,2026-03-26T21:42:28.811Z,,BasslineRequests
spotify:track:2DlHlPMa4M17kufBvI2lEN,System Of A Down,Chop Suey!,2026-03-03T16:22:05.587Z,spotify:playlist:7DOUp4LwMVEqpnPOF3oeRC,AddedToPlaylist
spotify:track:2DwKGITQiMCbmKs9SNGltO,Russian Circles,Harper Lewis - Live,2026-03-16T22:26:27.132Z,,BasslineRequests
spotify:track:2FML7gk7ac6quGFIjvkDb3,Avenged Sevenfold,Dear God,2026-02-04T17:15:26.766Z,,BasslineRequests
spotify:track:2FpckadBFjeHQRtS9dsWNz,Sessa,Que Lado Você Dorme?,2026-01-12T05:24:28.060Z,,BasslineRequests
spotify:track:2G4PitmsGE5xtJ9k9Fxiax,Jungle Rootz,Midnight Skunk,2026-02-08T03:22:35.917Z,,BasslineRequests
spotify:track:2GtwQLDcWJPJKLEAMLhFPY,Nels Cline,Surplus,2025-12-31T01:58:29.288Z,,BasslineRequests
spotify:track:2Hkt8NFdNCJYPbDGIQnPEM,This Will Destroy You,Invitation,2026-02-02T23:22:27.502Z,,BasslineRequests
spotify:track:2HrfRTWUkCLCbqeMpTxo66,"deprezz, Xizt",Sonne-Slowed+Mastered,2026-03-03T16:22:05.587Z,spotify:playlist:7DOUp4LwMVEqpnPOF3oeRC,AddedToPlaylist
spotify:track:2I2DG9JTBWZS3Gt37rZdnw,Dream Son,Pink Noise Rest,2026-02-02T23:21:00.871Z,,BasslineRequests
spotify:track:2I9foKseoFQh07p6sD2voE,50 Cent,Many Men (Wish Death),2026-03-17T17:18:23.595Z,,AudioResolve
spotify:track:2IKsyfJOHuglPXOBLy7g40,Russian Circles,Mota,2026-01-15T03:35:43.753Z,,AudioResolve
spotify:track:2INrIJo8OPZqhYYvg9hBz0,Parting Clouds,Wanderlight,2026-03-26T21:42:28.770Z,,BasslineRequests
spotify:track:2IjOGfbYT4eI7bLOxSUk6h,This Will Destroy You,Mother Opiate,2026-02-02T23:24:42.970Z,,BasslineRequests
spotify:track:2IwMlR0X3LlF8P4yRdDdiL,"Fred again.., CA7RIEL & Paco Amoroso",Beto’s Horns - fred remix,2026-01-30T20:39:18.188Z,,BasslineRequests
spotify:track:2JebjmljBuKyBCpRkLMhSp,Son Habana,Escucha mi Salsa,2026-02-11T04:10:43.140Z,,BasslineRequests
spotify:track:2K2M0TcglCRLLpFOzKeFZA,Cream,Sunshine Of Your Love,2026-03-06T00:10:02.676Z,,BasslineRequests
spotify:track:2KHupxlysbCj6q6zWnSF8O,Pedestrian Tactics,matingcall.exe,2026-01-05T21:45:31.755Z,,BasslineRequests
spotify:track:2KUICObpOV9HDFfx9gsyZB,This Will Destroy You,Brutalism & The Worship of the Machine,2026-02-02T23:21:06.729Z,,BasslineRequests
spotify:track:2LXISHBkx8FyoxCBkckh19,Steely Dan,Do It Again,2026-03-05T23:52:19.587Z,,BasslineRequests
spotify:track:2LcHT12kJywrBAjrov5ADF,spaceboy,the comfort of distance,2026-03-26T21:42:28.811Z,,BasslineRequests
spotify:track:2Lkrmsuu8wgGd5eWKiJrpz,Naibu,Red Hand,2026-01-23T21:33:32.629Z,,AudioResolve
spotify:track:2MMcXLXf5s3mOZhgRZhmQH,XLD Library,Pink Frequencies,2026-02-02T23:21:00.184Z,,BasslineRequests
spotify:track:2Mqhk0I4zZ7Ecd9VkGGVZj,SleepTherapy,Transmission,2026-01-06T18:04:31.030Z,,BasslineRequests
spotify:track:2NA0yisSiX8E7g2yjozNqH,Jinjer,"Teacher, Teacher!",2026-02-26T18:13:45.688Z,,BasslineRequests
spotify:track:2NImo2MajNai4CLk35wMut,Avenged Sevenfold,This Means War,2026-02-04T17:15:26.766Z,,BasslineRequests
spotify:track:2PQ2ddOC1UJT4RzpEhKVFS,Orbit Noise,Serenity Noise,2026-02-02T23:21:00.864Z,,BasslineRequests
spotify:track:2PszuIMj6T9FW0yD1fGmf1,Russian Circles,Station,2026-03-11T17:57:14.023Z,,BasslineRequests
spotify:track:2QiqwOVUctPRVggO9G1Zs5,Rage Against The Machine,Wake Up,2026-01-26T00:35:30.460Z,,BasslineRequests
spotify:track:2RGWc1vhc8SpfHfvEaCVTg,deadmau5,Creep,2026-01-10T22:00:35.438Z,,BasslineRequests
spotify:track:2RP7q7qBxg35vgvfCwlstD,This Will Destroy You,New Topia,2026-02-02T23:21:06.729Z,,BasslineRequests
spotify:track:2SF1UEPdV0HsHslp0GbKLv,This Will Destroy You,They Move on Tracks of Never-Ending Light,2026-02-02T23:21:06.767Z,,BasslineRequests
spotify:track:2THBKCpUKVFymx6pSgciES,This Will Destroy You,United Field,2026-02-02T23:21:06.729Z,,BasslineRequests
spotify:track:2TKShyVC5KQbv1Slen4iiV,Russian Circles,Youngblood - Live,2026-03-13T01:11:53.494Z,,BasslineRequests
spotify:track:2TxH8MCl0oeN6NhkK1wMcH,Sky Sailor,Recharge,2026-03-26T21:42:28.770Z,,BasslineRequests
spotify:track:2UKgx2oba7CltHLACr3xdT,Mick Gordon,At Doom's Gate,2026-03-03T16:22:05.587Z,spotify:playlist:7DOUp4LwMVEqpnPOF3oeRC,AddedToPlaylist
spotify:track:2Uu78EdjXDqAra1wihNAar,"CloZee, Of The Trees",Perfect - Of The Trees Remix,2026-02-07T22:12:45.376Z,spotify:playlist:3UqoL2pn0nLAdDp9KiLsuh,AddedToPlaylist
spotify:track:2V5TR2NkI29foggEFzgNvd,"Béla Fleck, Edmar Castañeda, Antonio Sánchez",Kaleidoscopes,2025-12-31T01:26:56.879Z,,BasslineRequests
spotify:track:2VANzqdJw6cT4gABC39ZQU,Spaced Out Dreams,Enigmatic,2026-01-08T16:36:50.956Z,,BasslineRequests
spotify:track:2W3Wab915xMw5cffrN6o6f,This Will Destroy You,The World Is Our ___,2026-02-02T23:21:06.767Z,,BasslineRequests
spotify:track:2WWfjbHALIb3e7FMcj9mr4,"ODESZA, WYNNE, Mansionair",Line Of Sight,2026-03-06T17:09:58.395Z,,BasslineRequests
spotify:track:2WpGtjsvJe5ldudt14Y2oL,Russian Circles,Sinaia,2026-03-13T01:44:58.279Z,,BasslineRequests
spotify:track:2XYPrVNuMcOq9nhpr2xPEh,Gentle Leap,Emerald Green,2026-03-26T21:42:28.770Z,,BasslineRequests
spotify:track:2YCHxXE9o9OIfSnN88A9dQ,NIGHTSKY,Moon Gravity,2026-03-26T21:42:28.770Z,,BasslineRequests
spotify:track:2YMF73hdW9FgSlN1FGCCdf,This Will Destroy You,Black Dunes (edit),2026-02-02T23:21:06.729Z,,BasslineRequests
spotify:track:2Z571rYSbJg85e4k66Mdko,Fourth Eye,la forza,2026-01-06T21:24:34.743Z,,BasslineRequests
spotify:track:2ZhDSWzcwSLL8OfjEGyHPE,Aaron Aitken,Arc de Rest,2026-03-26T21:42:28.811Z,,BasslineRequests
spotify:track:2aQ8NyRJcsQFgb8jwUil90,Evinha,Que Bandeira,2026-01-12T05:56:39.742Z,,BasslineRequests
spotify:track:2amCysmN3ggs031rEW9Sh1,Tigran Hamasyan,Dardahan,2026-01-01T01:52:21.222Z,,BasslineRequests
spotify:track:2bew0K4vsYW7StKLY8cTBm,Zane Cassidy,Cradle of Stars,2026-03-26T21:42:28.770Z,,BasslineRequests
spotify:track:2cN7qiHMJflO91pkG9HoO1,Deftones,Dai the Flu,2026-01-03T00:21:16.392Z,,BasslineRequests
spotify:track:2ctvdKmETyOzPb2GiJJT53,Pink Floyd,Breathe (In the Air),2026-01-29T16:06:15.630Z,,BasslineRequests
spotify:track:2dA0nlRBzTCCLCo3TBt7cK,This Will Destroy You,There Are Some Remedies Worse Than The Disease - Live,2026-02-02T23:21:06.729Z,,BasslineRequests
spotify:track:2dHgrUi8qhAMHd2wLGMhv7,Vector Seven,Technomancer,2025-12-31T22:08:29.482Z,,BasslineRequests
spotify:track:2g3sVOmF6zZv2UgQU3nrmn,This Will Destroy You,The Mighty Rio Grande - Concept,2026-02-01T23:22:11.388Z,,BasslineRequests
spotify:track:2g50U4tLDDkXeX6diW9Ifs,Tankeflukt,In Time,2026-03-26T21:42:28.770Z,,BasslineRequests
spotify:track:2gbPu2QNqhnnqtfK3yyeZ0,TOOL,Jambi,2026-01-03T05:17:30.631Z,,BasslineRequests
spotify:track:2hERMN4Fl5CdlEWiWrCLEX,This Will Destroy You,A Three-Legged Workhorse,2026-02-02T23:21:06.729Z,,BasslineRequests
spotify:track:2iG7MCJdoM4NfvsK2AVgqY,Russian Circles,Harper Lewis,2026-03-11T18:22:56.645Z,,BasslineRequests
spotify:track:2irZ3qugSBoVA0cfLe6ejQ,Relaxatron,Pink Noise Fluffatron,2026-02-02T23:21:00.184Z,,BasslineRequests
spotify:track:2ispbUjxKz1K2j5zE9eNwu,We Lost The Sea,Bogatyri,2026-01-15T07:51:57.428Z,,AudioResolve
spotify:track:2jSJm3Gv6GLxduWLenmjKS,Deftones,Digital Bath,2026-01-02T20:04:48.348Z,,BasslineRequests
spotify:track:2jkZB94i573H134wKmsw2y,Deftones,Root,2026-01-02T21:33:49.310Z,,BasslineRequests
spotify:track:2jl8QG9ZI2kqtd5R1Stx0E,Taganema,Solskin,2026-03-26T21:42:28.811Z,,BasslineRequests
spotify:track:2kUz9V38uR7pxGkDYyw9eV,PeelingFlesh,Make A Move,2026-03-03T16:22:05.587Z,spotify:playlist:7DOUp4LwMVEqpnPOF3oeRC,AddedToPlaylist
spotify:track:2l0BiViFOiIYTZyNzRAlpI,Aunt Cynthia's Cabin,Rider in the Desert Sun (Pt I),2026-03-05T23:00:41.594Z,,BasslineRequests
spotify:track:2lTm559tuIvatlT1u0JYG2,Bad Bunny,BAILE INoLVIDABLE,2026-02-11T03:54:11.673Z,,BasslineRequests
spotify:track:2llYs0Q3sQTjw7OtJcxtUq,This Will Destroy You,Kitchen,2026-02-02T23:21:06.767Z,,BasslineRequests
spotify:track:2meVe30Cu3rjPXamTxnBCO,This Will Destroy You,Osario,2026-02-02T23:21:06.729Z,,BasslineRequests
spotify:track:2n8rY6H6u2AnUe6Fi8M6P6,Avenged Sevenfold,St. James,2026-02-04T17:15:26.766Z,,BasslineRequests
spotify:track:2nBqwR7dwmf4L4dv6fRN5Z,This Will Destroy You,God's Teeth,2026-02-02T23:21:06.767Z,,BasslineRequests
spotify:track:2nLtzopw4rPReszdYBJU6h,Linkin Park,Numb,2026-01-02T02:34:31.408Z,,BasslineRequests
spotify:track:2nhZtsePJm89vOIXoXlEwR,Crystal Slowdown,Minnie's Pink Noise,2026-02-02T23:21:00.864Z,,BasslineRequests
spotify:track:2nwEe93mREjGmPSsAZDz7v,Noise Gravity,Sleep Pink Noise,2026-02-02T23:21:00.864Z,,BasslineRequests
spotify:track:2nwcqyNTKIv2waHaqN61BL,Sleep Miracle,Pink Noise Sleep Miracle,2026-02-02T23:21:00.864Z,,BasslineRequests
spotify:track:2oLpfAy0b22R53MMepN6uO,Eprom,9 to Ya Dome,2026-03-21T23:42:04.663Z,spotify:playlist:7HRSsuGlxMuQjKPps1iOXv,AddedToPlaylist
spotify:track:2oWlkegK5DSCZBC5WJI2Wc,Akusmi,Cogito,2026-03-05T20:14:12.976Z,,BasslineRequests
spotify:track:2oZSBEtzUtq70iQwpNjrnk,Avenged Sevenfold,Malagueña Salerosa,2026-02-04T17:15:26.766Z,,BasslineRequests
spotify:track:2pNehkz5nC2AYhZcLmpgVG,nite sky,Easy Pink Noise Slumber,2026-02-02T23:21:00.871Z,,BasslineRequests
spotify:track:2r8Urqw2TjK6Tfeb45Mjkh,This Will Destroy You,Little Smoke - Live,2026-02-02T23:21:06.729Z,,BasslineRequests
spotify:track:2rdlbQ6KyULZg1E9krVj5Z,Russian Circles,Fathom,2026-03-11T17:22:16.808Z,,BasslineRequests
spotify:track:2sto7DNLA3bT9fyi01W3VK,Ane Brun,All My Tears,2026-02-07T18:33:52.105Z,,BasslineRequests
spotify:track:2tUZGRbb1Jg1W0ZdB9hFAo,This Will Destroy You,Dining Room,2026-02-01T23:27:57.370Z,,BasslineRequests
spotify:track:2usrT8QIbIk9y0NEtQwS4j,The xx,Intro,2026-01-03T18:22:02.481Z,,AudioResolve
spotify:track:2v8kBDlapTy1b9UtPX069F,Russian Circles,Cheyenne,2026-03-11T17:52:49.522Z,,BasslineRequests
spotify:track:2vYAKGRyybrFQL1rdHXxM2,Ty Segall,My Best Friend,2026-03-20T21:07:47.053Z,,AudioResolve
spotify:track:2wTKgbISUlIPCvkRFLvEUW,This Will Destroy You,A Three-Legged Workhorse - Live,2026-02-02T23:21:06.767Z,,BasslineRequests
spotify:track:2xdVVj8ezkTcLO5rEleKYW,This Will Destroy You,Building,2026-02-02T23:21:06.767Z,,BasslineRequests
spotify:track:2yCo8xNxuwOdDyxM6AaGae,Lymbyc Systym,Processed Spirits,2026-02-02T23:24:42.970Z,,BasslineRequests
spotify:track:2ydWEPlcHn1zPdQIGnifgM,Heems,The Ballet,2026-03-20T15:50:37.148Z,,AudioResolve
spotify:track:30EVjmgpTs7DmVzshrYlMa,Ochre,Tugrul,2026-01-10T19:05:06.904Z,,BasslineRequests
spotify:track:30NSLLB5Y36UMmzVRVOUnP,Moderat,"Invaluable Waste from the Outlying Districts, Pt. 04",2026-01-21T22:24:06.614Z,,BasslineRequests
spotify:track:31LmOyZF86J7QiwH2tIXBF,Mick Gordon,Faust,2026-03-03T16:22:05.587Z,spotify:playlist:7DOUp4LwMVEqpnPOF3oeRC,AddedToPlaylist
spotify:track:31sv85yD7zbD6X9B2FHpxy,Avenged Sevenfold,Heretic,2026-02-04T17:15:26.766Z,,BasslineRequests
spotify:track:32WDVNZXIAuu7EqncTTKjH,A Tribe Called Quest,Electric Relaxation,2026-02-21T08:30:33.602Z,,BasslineRequests
spotify:track:33KEeXWXiUPZSnOWsLzQsK,Goldensuns,Give It Up,2026-01-11T17:48:17.686Z,,BasslineRequests
spotify:track:33gSpR1TGeug48gIeVxTgb,Haldur,Source Of Life,2026-03-26T21:42:28.770Z,,BasslineRequests
spotify:track:33ncsRg4WH4gt2tNqiCmsg,This Will Destroy You,Jesse Ray,2026-02-02T23:21:06.729Z,,BasslineRequests
spotify:track:33qrQEXQJg4uk6k8fZgoOa,Deftones,Phantom Bride,2026-01-02T22:33:30.181Z,,BasslineRequests
spotify:track:33zR7e4kYud1yh8p1jbdVc,Oh Hiroshima,Nour,2026-01-15T15:16:37.218Z,,AudioResolve
spotify:track:343Vbk8eNtuA8BHSg3OkVz,"Jowee Omicil, Dominique Fils-Aimé",SHouLd I sMiLe?,2026-01-01T01:43:30.382Z,,BasslineRequests
spotify:track:345Idhn5gb7YbCFG6MLgjM,Ayivah,Eternal Bliss,2026-01-13T22:06:57.078Z,,AudioResolve
spotify:track:34R2yllck6Z2meif7AF20j,Etherielle,The Longing,2026-01-06T17:52:21.655Z,,BasslineRequests
spotify:track:35o92ikbXQApq9xBjLgbnV,"Pure Colors, Soul Food Horns",Ascensión,2026-01-12T22:03:43.065Z,,BasslineRequests
spotify:track:361AnXfEJHmjvDpTlJ7VpB,Blue Lab Beats,North London Pace,2026-01-01T01:56:33.432Z,,BasslineRequests
spotify:track:366fi1CKx8JMEpwHh1LrN7,Les Cieu,Quietude,2026-03-26T21:42:28.770Z,,BasslineRequests
spotify:track:36d2nmQDZacOznuhW61z0A,"Jónsi, Alex Somers",Howl - 2019 Remaster,2026-03-26T05:24:54.772Z,,BasslineRequests
spotify:track:36xyvXl7Ukj4sDHY5MU9o8,Omnispherical,Bubbly Dreamscapes,2026-01-30T05:43:04.137Z,,AudioResolve
spotify:track:37HI0imp0t6a0MBS00lPkS,This Will Destroy You,The Mighty Rio Grande,2026-02-02T23:10:46.565Z,,BasslineRequests
spotify:track:383euPTnSkSPgP0ThYKky3,Russian Circles,Hexed All,2026-03-11T18:12:34.179Z,,BasslineRequests
spotify:track:39ZiU2QVBvDQzeepJjg8tp,Avenged Sevenfold,Blinded in Chains,2026-02-04T17:15:26.766Z,,BasslineRequests
spotify:track:39eEuOioMqhzJpmuO9VXP4,Lavia 6,Pinkerton Pink Noise,2026-01-31T02:11:03.864Z,,BasslineRequests
spotify:track:3AZ4ywx2OIvTakgTRVjwfo,Hypnotronica,Cosiest Pink Noise,2026-02-02T23:21:00.871Z,,BasslineRequests
spotify:track:3Ath5d8neyrC2R1lPGLOIM,Golden Girls,Kinetic - Orbital Mix,2026-02-25T03:26:57.290Z,,BasslineRequests
spotify:track:3BYD3XHwIaKf5L0oPhnZW9,Fluffy Duffy,Gentle Dust,2026-02-02T23:21:00.871Z,,BasslineRequests
spotify:track:3BmjRmFTESgWZLPSVGp8aG,Linkin Park,Lying from You,2026-03-03T16:22:05.587Z,spotify:playlist:7DOUp4LwMVEqpnPOF3oeRC,AddedToPlaylist
spotify:track:3CKS9XuIOBCCoMIcfhoywp,"GOTOU寄生獣, vodvor",BACKSTAGE,2026-03-21T23:42:04.663Z,spotify:playlist:7HRSsuGlxMuQjKPps1iOXv,AddedToPlaylist
spotify:track:3CMR2A108W0I0gqDOZUD8L,Naibu,Belong,2026-01-23T21:33:12.826Z,,AudioResolve
spotify:track:3CSyBUDZHG5ESu0wCcFPaQ,TroyBoi,Carti,2026-03-21T23:42:04.663Z,spotify:playlist:7HRSsuGlxMuQjKPps1iOXv,AddedToPlaylist
spotify:track:3DLHwnWz3y7nxLQf023k7c,TesseracT,"Concealing Fate Parts 1, 2 & 3 - P O R T A L S",2026-01-28T18:20:40.395Z,,BasslineRequests
spotify:track:3DVp8WVX64gXhWPAA74TR9,ZISO,Valence,2026-02-08T03:30:55.160Z,,BasslineRequests
spotify:track:3DdOsUq1M9mJBFVR0xbSOx,Rage Against The Machine,Without a Face,2026-01-26T01:42:55.905Z,,AudioResolve
spotify:track:3DrrA2PA9xFP6XibZRAAKd,Rand Aldo,Deep Space Garden,2026-01-08T20:06:44.509Z,,BasslineRequests
spotify:track:3DvhzfhtYn0uvtXQZ9R0Os,This Will Destroy You,The Puritan,2026-02-02T23:21:06.729Z,,BasslineRequests
spotify:track:3EZy4w6LymgwlwT4IWHXjy,Malvae,Tuyuka,2026-02-07T22:12:45.376Z,spotify:playlist:3UqoL2pn0nLAdDp9KiLsuh,AddedToPlaylist
spotify:track:3EkpyT2GP8eUW44bmZIwp4,Yoko,Y-Axis,2026-02-08T03:47:17.858Z,,BasslineRequests
spotify:track:3FOFLWSRbUpjEzVkucYjHs,Potting Shed Dreams,Little Gentle Spirit,2026-03-26T21:42:28.811Z,,BasslineRequests
spotify:track:3FVy3aVs0TFzLv6FEiLqC2,Max Richter,Dream 1 (before the wind blows it all away) - Pt. 1,2026-01-16T17:13:36.481Z,,AudioResolve
spotify:track:3Fmkjj0HWBC8TlHKIckyye,NREM,Natural Serenity Pink Noise,2026-02-02T23:21:00.864Z,,BasslineRequests
spotify:track:3Fwe3XoPOiyWUPYdBKMTqV,Deftones,Around the Fur,2026-01-02T20:09:04.092Z,,BasslineRequests
spotify:track:3G7agPwWfcORnWCAGMDOpm,Bad Bunny,LA MuDANZA,2026-02-11T03:45:19.603Z,,BasslineRequests
spotify:track:3GAoK0VKVUnRbFSNAlyDWC,Victoria Canal,California Sober,2026-02-03T06:20:47.759Z,,BasslineRequests
spotify:track:3GYlvip4QHNSM1ZtdxyfZt,Hum,Little Dipper,2026-01-05T20:54:50.636Z,,BasslineRequests
spotify:track:3HPn00Aw01wp4u0KZgLw5u,Spatia Sonica,Particles,2026-01-06T17:26:40.253Z,,BasslineRequests
spotify:track:3HRDr4iGCIH6IjYpduxVJl,Wavelab,Pink Noise Satisfaction,2026-02-01T19:05:01.401Z,,BasslineRequests
spotify:track:3IWYHjTX1s9R6yFcmHgnNt,TesseracT,Beneath My Skin / Mirror Image - P O R T A L S,2026-02-03T00:01:55.155Z,,BasslineRequests
spotify:track:3JOyNKgNwndDAOh4lh5gyV,neon cosmo,Space Musec,2026-01-06T17:33:01.072Z,,BasslineRequests
spotify:track:3JyvSSU0VnlMUsQckyEVfX,grandson,Darkside,2026-02-23T02:56:24.645Z,,AudioResolve
spotify:track:3K4HG9evC7dg3N0R9cYqk4,Linkin Park,One Step Closer,2026-03-03T16:22:05.587Z,spotify:playlist:7DOUp4LwMVEqpnPOF3oeRC,AddedToPlaylist
spotify:track:3KloC0pYp3DhAXofslSOO2,ZNoize,Silky Pink Noise,2026-02-02T23:21:00.864Z,,BasslineRequests
spotify:track:3MfoGE5zrBR5LtIIW6XO9u,Lavia 6,The Most Soothing Pink Noise,2026-02-02T23:21:00.864Z,,BasslineRequests
spotify:track:3MrUgo94zjBL8Jm4Hh8QDv,This Will Destroy You,Like This,2026-02-02T23:24:42.970Z,,BasslineRequests
spotify:track:3NDQ8JV6Ipbxa6QaQMVrtu,TesseracT,Phoenix - P O R T A L S,2026-02-03T00:01:55.155Z,,BasslineRequests
spotify:track:3NFHykZ6shIpJSgoFE20P4,Nina Maia,INTEIRA,2026-02-01T04:27:54.583Z,,BasslineRequests
spotify:track:3OzoK27KV6oj7SE7ABx8fo,Audioable Noise,Pink Aura of Calm,2026-02-01T20:06:00.995Z,,BasslineRequests
spotify:track:3Pkau3Ijw1Ebm9nsw1oZIY,Russian Circles,Philos,2026-01-28T23:08:36.533Z,,BasslineRequests
spotify:track:3PrvYgv97s5U752pIpDMNf,Avenged Sevenfold,M.I.A.,2026-02-04T17:15:26.766Z,,BasslineRequests
spotify:track:3QOpROhrfN6aYkqdoVy5lm,Decessus,Dark Flames,2026-03-03T16:22:05.587Z,spotify:playlist:7DOUp4LwMVEqpnPOF3oeRC,AddedToPlaylist
spotify:track:3Qa2mBS0IKfiRVzmYJbUHE,High Above The Clouds,Pink Static for Sleeping,2026-02-02T23:21:00.871Z,,BasslineRequests
spotify:track:3QasuD9xYZ6wrcDBgI8cna,Russian Circles,Batu,2026-03-11T20:22:21.401Z,,BasslineRequests
spotify:track:3QgRukqsiKsdNqa8U7MIeT,Deft,For Sudden,2026-03-21T23:42:04.663Z,spotify:playlist:7HRSsuGlxMuQjKPps1iOXv,AddedToPlaylist
spotify:track:3RL92qOlVwpt5KV9rlLV82,"Cool Company, Blood Cultures",Habit - Blood Cultures Remix,2026-01-11T17:43:12.988Z,,BasslineRequests
spotify:track:3S24rVYmTx8gWbaCfHbyaG,Nine Inch Nails,This Changes Everything,2025-12-31T19:57:36.787Z,,BasslineRequests
spotify:track:3SbAEO8htSBvn7ifUTPrep,James Madley,Light Beneath,2026-03-26T21:42:28.770Z,,BasslineRequests
spotify:track:3TAzauQySgTUaK7h52zeBe,Zamilska,Message,2026-01-11T04:14:14.382Z,,BasslineRequests
spotify:track:3V5mSraWwUfruXr2rpE6N4,Dream Fuzz,Pink Noise for the Dreamers,2026-02-02T23:21:00.871Z,,BasslineRequests
spotify:track:3V9cM3nCH2G66afoDi0snu,X Ambassadors,BOOM,2026-03-25T02:52:35.356Z,,AudioResolve
spotify:track:3VXrpkM94UBgL4voR20tZq,"ODESZA, The Chamanas",Everything At Your Feet,2026-03-07T01:13:20.183Z,,BasslineRequests
spotify:track:3WXfQDsASfXrSojk9WB3aR,"Joe Arroyo, La Verdad",En Barranquilla Me Quedo,2026-02-11T04:13:27.316Z,,BasslineRequests
spotify:track:3Wg3B7XlnEWsKBSb2IzGQ3,MARO,Still Feel It All,2026-03-25T05:30:41.645Z,,BasslineRequests
spotify:track:3XckH9nZTF2Y2gp6UoMotk,"Snarky Puppy, Metropole Orkest, Jules Buckley",It Stays With You,2025-12-31T17:01:33.678Z,,BasslineRequests
spotify:track:3XhWWMsoLhyYh16MJkAM6B,Månvarv,Constellation,2026-03-26T21:42:28.770Z,,BasslineRequests
spotify:track:3YnSvdiMEAlP5DrlMLyCoP,Nyron Higor,Fio de Lâmina,2026-01-11T06:16:05.320Z,,BasslineRequests
spotify:track:3Z5b3Q7OS6VqjRhy4koUZb,Mr. Bill,Gliitchake,2026-02-08T04:01:27.131Z,,BasslineRequests
spotify:track:3ZMX3XE6hZRTF2pBT6iJyc,Agnes Vidsjö,Oändlig,2026-01-07T18:51:49.645Z,,BasslineRequests
spotify:track:3ZXwtonxcZy9EjykI4fyM3,The Frequency Shifters,Princess Pink Noise,2026-02-02T23:21:00.871Z,,BasslineRequests
spotify:track:3Zmv7cotNyeWEMdGc7QOe2,"Sessa, СОЮЗ",Ponta de Faca - Demo,2026-01-12T06:12:41.818Z,,BasslineRequests
spotify:track:3Ztfe3UOfRkjTpajSYZ4qy,Dom Salvador & Abolição,Hei! Você,2026-01-12T16:02:30.583Z,,BasslineRequests
spotify:track:3aGqwI8kF0VkHFUBPzz7bl,Victoria Canal,15%,2026-02-03T06:20:48.769Z,,BasslineRequests
spotify:track:3bCdcWfeuVXTWjEMWOx5Vs,Iminum,Beyond Null,2026-03-26T21:42:28.897Z,,BasslineRequests
spotify:track:3bCmDqflFBHijgJfvtqev5,Brian Eno,1/1 - Remastered 2004,2026-01-07T00:05:47.197Z,,AudioResolve
spotify:track:3c4alQOl5iVtoPmschB1Dv,This Will Destroy You,Threads - Demo,2026-02-02T23:21:06.729Z,,BasslineRequests
spotify:track:3cIG78oBauowzEbkBwWADN,This Will Destroy You,They Move on Tracks of Never-Ending Light,2026-02-02T23:10:46.565Z,,BasslineRequests
spotify:track:3cZajhyr8LmtPfHZ9296tj,"Disco Lines, Tinashe",No Broke Boys,2026-01-01T05:36:01.622Z,,BasslineRequests
spotify:track:3e71hLM6sy8xYBGRzO7thE,Santiago Penitente,Auroras Boreales,2026-03-26T21:42:28.811Z,,BasslineRequests
spotify:track:3eb7YLFzZGU7caNDQbZDfh,Sol Reya,Waves of the Unconscious Mind,2026-01-06T23:09:22.970Z,,BasslineRequests
spotify:track:3esxB8Nt0n2JoHcZ5DGMed,This Will Destroy You,Threads,2026-02-02T23:21:06.767Z,,BasslineRequests
spotify:track:3fcZDj24gbPctyec0MHYTs,Sessa,Sereia Sentimental,2026-01-11T21:07:44.010Z,,BasslineRequests
spotify:track:3gkMLP0M8LxWzB4BpedO1X,messwave,Top G,2026-03-21T23:42:04.663Z,spotify:playlist:7HRSsuGlxMuQjKPps1iOXv,AddedToPlaylist
spotify:track:3h1NlHWQSl6E2XZOJPkV7Q,Metric,Collect Call,2026-02-07T18:30:29.370Z,,BasslineRequests
spotify:track:3hb4W4FUPjyWUbYY2Sfih5,Deftones,976-EVIL,2026-01-03T00:01:15.884Z,,BasslineRequests
spotify:track:3hmX5dfwY9oRIpJKvt755u,Avenged Sevenfold,Second Heartbeat,2026-02-04T17:15:26.766Z,,BasslineRequests
spotify:track:3iYV8e2fMA4rAf7ftHX8dy,Caer Ibormeith,Feathers in Echo,2026-01-07T04:45:58.482Z,,AudioResolve
spotify:track:3idFv669ktsyoUI59jotvF,The White Noise Travelers,Pink Noise Naps,2026-02-02T23:21:00.871Z,,BasslineRequests
spotify:track:3ir7NPtQGWMiVSQo3q47Uk,Deep Seek,Somber Felt,2026-01-08T22:08:02.901Z,,BasslineRequests
spotify:track:3klPNiQxeAqUZrCSQ7uvfS,Nine Inch Nails,Still Right Here,2025-12-31T23:01:00.284Z,,BasslineRequests
spotify:track:3lpDrxUkr0tIe1kmJvdK7d,Rush,YYZ,2026-01-07T00:04:10.855Z,,BasslineRequests
spotify:track:3mOcwPVOL5K5oGw3f8rUuM,This Will Destroy You,Leather Wings,2026-02-02T23:21:06.729Z,,BasslineRequests
spotify:track:3nd4JyjkxQodjjvQd5Gmgd,Okonski,Wind Or Vertigo,2026-01-11T07:17:07.432Z,,BasslineRequests
spotify:track:3okCsBWWv7okRgaTnMQ2Fp,Buena Vista Social Club,Dos Gardenias,2026-02-12T16:39:48.091Z,,BasslineRequests
spotify:track:3pGuiPs0xYYOHr6FKNZVmA,Ochre,Glassmaker,2026-01-10T21:07:11.560Z,,BasslineRequests
spotify:track:3pShTDa5E1bPBkrc1mxxGY,grandson,Dirty,2026-02-23T02:31:22.390Z,,BasslineRequests
spotify:track:3q3MXI7TXxfrzGLMlNcWA8,Sky Sailor,Opening,2026-03-26T21:42:28.811Z,,BasslineRequests
spotify:track:3qiF3gFKTh028uvGqNDgOX,Ocean Grove,JUNKIE$,2026-02-26T16:25:00.919Z,,AudioResolve
spotify:track:3qnQujEjvj9qJxZul8OMTE,"Pedro Mizutani, Skinshape",Canal,2026-01-31T07:16:39.553Z,,AudioResolve
spotify:track:3sHH7lklbfpcraDDvYnjo7,Avenged Sevenfold,Bat Country,2026-02-04T17:15:26.766Z,,BasslineRequests
spotify:track:3sK8wGT43QFpWrvNQsrQya,Bad Bunny,DtMF,2026-02-09T14:56:21.411Z,,AudioResolve
spotify:track:3t8Ue1ixZvUATDR0P4UOrG,turquoise waters,Set Sail,2026-01-08T23:09:07.077Z,,BasslineRequests
spotify:track:3tCTLlrFHWJma62WBzD03d,Pedro Ricardo,Faces Sob O Sol,2026-01-11T07:41:24.254Z,,AudioResolve
spotify:track:3tStOcFiywPGhxVu8zPrn2,HummusVacuum,G-U-I-L-L-O-T-I-N-E,2026-02-26T16:05:14.524Z,,AudioResolve
spotify:track:3txlvthoUa9vWvG1zr2Lnr,Deftones,infinite source,2026-01-02T20:12:36.463Z,,BasslineRequests
spotify:track:3uX9EWRXLABuNEhlGkMo4F,deadmau5,Whelk Then,2026-01-10T20:22:30.518Z,,AudioResolve
spotify:track:3uesorUD9PmF9ivETswc3o,Sofia Garcia,Bare Sky,2026-03-26T21:42:28.770Z,,BasslineRequests
spotify:track:3v32VtMTRZbIQJUFsQpeJD,"Joe Arroyo, La Verdad",Rebelión,2026-02-12T16:53:22.475Z,,BasslineRequests
spotify:track:3v4kFsrw1MvMINt5EX052q,The Sleep Phasers,Pink Noise for my Soul,2026-02-02T23:21:00.871Z,,BasslineRequests
spotify:track:3vYP5IgBfHv9nWbNhTq3IS,Avenged Sevenfold,Coming Home,2026-02-04T17:15:26.766Z,,BasslineRequests
spotify:track:3w7HsypY4YB3cBJcx4EXOb,This Will Destroy You,Rituals,2026-02-02T23:21:06.767Z,,BasslineRequests
spotify:track:3wM6RTAnF7IQpMFd7b9ZcL,Carpenters,Yesterday Once More,2026-03-08T08:04:02.576Z,,AudioResolve
spotify:track:3wMyxsZByy8BDYSwv6ZvF0,Maromaro,Moonlighting,2026-03-05T20:40:22.083Z,,BasslineRequests
spotify:track:3wSlHCwo05i7KgIhiCioFJ,The Circling Sun,Amina,2026-01-11T08:18:09.894Z,,BasslineRequests
spotify:track:3xogCrlDsnIZ7nQo8VvRL6,Mogwai,Kids Will Be Skeletons,2026-03-03T03:06:38.767Z,,AudioResolve
spotify:track:3xqphesjm6paYsZjBqYSaA,Kublai Khan TX,The Hammer,2026-03-03T16:22:05.587Z,spotify:playlist:7DOUp4LwMVEqpnPOF3oeRC,AddedToPlaylist
spotify:track:3xshG2X54CHRnH2DqeCUMm,Utmost-@mos,Atmospherical Pink Noise,2026-02-02T23:21:00.864Z,,BasslineRequests
spotify:track:3yKVcZ0YrGBEMBSLvaGPHb,Soundgarden,Fell On Black Days,2026-01-04T01:39:11.287Z,,BasslineRequests
spotify:track:3ywT26BnBxt1hSyXphVRu2,Austeria,Tippy,2026-02-07T22:12:45.376Z,spotify:playlist:3UqoL2pn0nLAdDp9KiLsuh,AddedToPlaylist
spotify:track:3zK2IUdvnOaKWC3yCP0P3C,"Nickodemus, Quantic, Tempo",Mi Swing es Tropical,2026-02-12T16:42:52.699Z,,BasslineRequests
spotify:track:3zjBIrAVl4seuKfLVk4Iip,Astral Lighthouse,2am Chime,2026-03-26T21:42:28.811Z,,BasslineRequests
spotify:track:401geNb9B5l7bFzi53Z3oP,"Hamdi, Fred again.., Danny Brown, BEAM, PARISI, JPEGMAFIA",OK OK - Hamdi remix,2026-02-07T22:12:45.376Z,spotify:playlist:3UqoL2pn0nLAdDp9KiLsuh,AddedToPlaylist
spotify:track:40Gp0YR5kj8vT7Z55YzTFM,The xx,Fiction,2026-01-03T22:02:58.127Z,,BasslineRequests
spotify:track:40aJIlRvCwR47kuBB8VArn,212soundworks,極悪なリフのデスメタル,2026-03-03T16:22:05.587Z,spotify:playlist:7DOUp4LwMVEqpnPOF3oeRC,AddedToPlaylist
spotify:track:40gtc8CqWgi9KXY6tbxI8z,Xella Machina,Pink Noise to Help Focus,2026-02-02T23:26:51.126Z,,BasslineRequests
spotify:track:41A8eMmYi82MPUw8M3Nq7E,This Will Destroy You,Go Away Closer,2026-02-02T23:21:06.767Z,,BasslineRequests
spotify:track:41labfyDVOAJP3bhKk7unE,Spaced Out Dreams,Close your Eyes,2026-01-07T04:14:31.243Z,,BasslineRequests
spotify:track:41w9aB0cSwEHLjsLOTFHh4,This Will Destroy You,Provoke,2026-02-02T23:21:06.729Z,,BasslineRequests
spotify:track:41yfGYaNFaCa9fsN0pqUWd,Angine de Poitrine,Ababa Hotel,2026-03-05T00:49:35.164Z,,BasslineRequests
spotify:track:42Kv1RoTAm09FeytxiuZIB,Deftones,Knife Prty,2026-01-02T23:09:58.241Z,,BasslineRequests
spotify:track:42oDn8qC9g7DAAwjR3MAQt,Avenged Sevenfold,Dancing Dead,2026-02-04T17:15:26.766Z,,BasslineRequests
spotify:track:45KsTd0ZqKlgw0fNc8oyC5,Skeler,Tel Aviv,2026-03-21T23:42:04.663Z,spotify:playlist:7HRSsuGlxMuQjKPps1iOXv,AddedToPlaylist
spotify:track:45mFvced77AdCf794dLMOH,Yarin Primak,Engines Ready,2026-03-21T23:42:04.663Z,spotify:playlist:7HRSsuGlxMuQjKPps1iOXv,AddedToPlaylist
spotify:track:46J5SC9omCQSRyCdnyNmys,Amon Tobin,Vipers Follow You,2026-01-10T23:09:02.050Z,,AudioResolve
spotify:track:47VZq30OeDYQrUHtg6ExOu,Sufy,Beloved,2026-01-16T16:29:29.540Z,,AudioResolve
spotify:track:47uKYj4m2jFuSkDpO830ew,This Will Destroy You,New Promise Land Inc.,2026-02-02T23:21:06.767Z,,BasslineRequests
spotify:track:49aVsIRxEqD5InHDDXzPi7,Smoothe Sounds,Pink Noise Slow Down,2026-01-30T17:03:04.345Z,,BasslineRequests
spotify:track:4AceLXyYR162UTgyrNiet8,Lau Ro,Metamorfose,2026-01-11T21:07:37.409Z,,BasslineRequests
spotify:track:4ApvuCjlZNe3RoIFoBX29y,Edu Lobo,Zum-Zum,2026-01-12T04:53:21.054Z,,BasslineRequests
spotify:track:4B5el6QHxMK4mjiA8QDvLh,Lóni Alma,Cesula,2026-01-06T17:24:13.936Z,,BasslineRequests
spotify:track:4BJ5k8vAGaHHW5KFksavW2,"Skrillex, Varg²™, Eurohead, SIIICKBRAIN, swedm®",Kora,2026-02-07T22:12:45.376Z,spotify:playlist:3UqoL2pn0nLAdDp9KiLsuh,AddedToPlaylist
spotify:track:4BRkPBUxOYffM2QXVlq7aC,The Beatles,Taxman - Remastered 2009,2026-03-06T00:29:12.991Z,,BasslineRequests
spotify:track:4CdWLwKMgXbU9meOpaUeHy,Chris Isaak,Rockin' Around The Christmas Tree,2026-01-29T15:56:15.796Z,,BasslineRequests
spotify:track:4D3v7xMHUcTMKiqnbqQvfP,"Bruno Berle, batata boy",Quero Dizer,2026-01-12T22:08:09.660Z,,BasslineRequests
spotify:track:4DE9UZQ877oxwA1nfpJb4m,Foramina Nigra,Expansion,2026-03-26T21:42:28.811Z,,BasslineRequests
spotify:track:4DFbRXlTdH9JdqCBeX6NOG,"Buena Vista Social Club, Omara Portuondo",Tiene Sabor (feat. Omara Portuondo),2026-02-12T16:58:11.030Z,,BasslineRequests
spotify:track:4DHATlv5A1Gs9pMaWSHDMb,"Apashe, High Klassified, Cherry Lena, IMANU",I'm Fine - IMANU Remix,2026-02-07T22:12:45.376Z,spotify:playlist:3UqoL2pn0nLAdDp9KiLsuh,AddedToPlaylist
spotify:track:4DgjUmqQnVcTfKa4oJRijU,Robotaki,Obelisk,2026-01-05T21:52:49.545Z,,BasslineRequests
spotify:track:4EPyq3k77kIXHvkSbEAdDi,Ivy Lab,Press Play,2026-03-21T23:42:04.663Z,spotify:playlist:7HRSsuGlxMuQjKPps1iOXv,AddedToPlaylist
spotify:track:4FEr6dIdH6EqLKR0jB560J,Deftones,Rosemary,2026-01-02T19:57:54.346Z,,BasslineRequests
spotify:track:4FXtFHaSUOLmgfNP8jVuUZ,Russian Circles,Hunter Moon,2026-03-12T03:20:29.698Z,,BasslineRequests
spotify:track:4Fms7TRUS4gTLTM9AF90F9,This Will Destroy You,"To Win, Somebody’s Got to Lose",2026-02-01T23:16:18.272Z,,BasslineRequests
spotify:track:4G7xTthzsGastjPWQCFKGq,Tiawa,Sonhos Cor De Rosa,2026-01-12T05:28:35.219Z,,BasslineRequests
spotify:track:4GzJVMMpOk3gjzv66x6z62,Captain Joz,Let's Get It,2026-03-21T23:42:04.663Z,spotify:playlist:7HRSsuGlxMuQjKPps1iOXv,AddedToPlaylist
spotify:track:4HpIh5wWfkq5sSuCLLSwYR,Deftones,Please Please Please Let Me Get What I Want - 2005 Remaster,2026-01-02T19:31:14.003Z,,BasslineRequests
spotify:track:4IWlLUroZJEcsFFqsO1W52,This Will Destroy You,Escape Angle,2026-02-02T23:24:42.970Z,,BasslineRequests
spotify:track:4IfHYniNBoAATWV6iLEXRs,Massive Attack,Mezzanine,2026-02-21T08:22:34.068Z,,BasslineRequests
spotify:track:4JV3BjszeEUD1bTTcx9hdx,Deftones,ecdysis,2026-01-09T20:06:05.705Z,,BasslineRequests
spotify:track:4JwxJm8zCPbc1DMcfVdbBl,Avenged Sevenfold,Wish You Were Here,2026-02-04T17:15:26.766Z,,BasslineRequests
spotify:track:4KyghCEewQOSZ4OdvQwFN3,Avenged Sevenfold,Mattel,2026-02-04T17:15:26.766Z,,BasslineRequests
spotify:track:4LLBKnNCrSRrSjSTuiwjE9,The Beatles,You Won't See Me - Remastered 2009,2026-03-06T00:14:32.181Z,,BasslineRequests
spotify:track:4MUrUT38U98olfnyzMBCzm,Bad Bunny,KLOuFRENS,2026-03-23T02:54:24.520Z,,BasslineRequests
spotify:track:4McQzaMrgt8AylDZHGQGVT,Mário Rui Silva,Lonjura,2026-01-12T06:36:46.041Z,,BasslineRequests
spotify:track:4MjDJD8cW7iVeWInc2Bdyj,Bad Bunny,MONACO,2026-02-11T03:37:23.189Z,,BasslineRequests
spotify:track:4MwJf59mb7MzHxhNIrKZto,"Oliver Smith, Amy J Pryce",Open Up,2026-03-22T19:52:48.004Z,,BasslineRequests
spotify:track:4N2yukzkAEVo5vRlVsaHZ7,Joel Ross,Wisdom Is Eternal (For Barry Harris),2025-12-31T15:04:44.998Z,,BasslineRequests
spotify:track:4O45RxFmWr88UfFlNtsXUy,Magdalena Bay,Image,2026-03-20T16:20:26.876Z,,BasslineRequests
spotify:track:4ONTmI3XeSiGID2EhDC4Tq,Jnathyn,Noir,2026-01-05T21:38:15.303Z,,BasslineRequests
spotify:track:4ORgqa0GOafXbApy6S8FpJ,Avenged Sevenfold,Chapter Four,2026-02-04T17:15:26.766Z,,BasslineRequests
spotify:track:4Oq241mV2LEcQsfXQPOfZe,Avenged Sevenfold,Crossroads,2026-02-04T17:15:26.766Z,,BasslineRequests
spotify:track:4OyfdJiHM6sbfkFmRLrygg,Avenged Sevenfold,Doing Time,2026-02-04T17:15:26.766Z,,BasslineRequests
spotify:track:4PEeZ2U4UfP2Jo8EtIOjus,? & The Mysterians,96 Tears,2026-03-06T00:14:13.327Z,,BasslineRequests
spotify:track:4PLmJLtdDlsjM3fwBEGfO2,Tor,Cymbol,2026-01-11T05:15:16.494Z,,BasslineRequests
spotify:track:4PWxt9Fy949kUtkEi2GI5V,Gojira,L'enfant sauvage,2026-01-27T00:50:11.666Z,,BasslineRequests
spotify:track:4RdLzfLdhave1l3IAiMTYk,Rio Delacruz,Falling Petals,2026-01-06T21:24:37.469Z,,BasslineRequests
spotify:track:4Rs2N7ewIjanXUNYtMKK3j,Avenged Sevenfold,Nobody,2026-02-04T17:15:26.766Z,,BasslineRequests
spotify:track:4SO1mf7yP1IaJz3I39dyQX,Sound FX Pro,Pink Static Waves,2026-02-02T23:21:00.871Z,,BasslineRequests
spotify:track:4SplImOrA7S1QvsgWB1r6C,Twilight Time,Blood Moon,2026-03-26T21:42:28.770Z,,BasslineRequests
spotify:track:4TIk1gAo55gd8tWQ1NWTdL,ALEPH,OMEN,2026-02-07T22:12:45.376Z,spotify:playlist:3UqoL2pn0nLAdDp9KiLsuh,AddedToPlaylist
spotify:track:4U6p0VEhaRErIp15kSqwMY,This Will Destroy You,They Move on Tracks of Never-Ending Light - Concept,2026-02-02T23:21:06.729Z,,BasslineRequests
spotify:track:4UEo1b0wWrtHMC8bVqPiH8,Avenged Sevenfold,Nightmare,2026-02-04T17:15:26.766Z,,BasslineRequests
spotify:track:4ULdCiw97rTaQ7yLfggLq5,Joe Bataan,Ordinary Guy (2013 - Remaster),2026-02-14T13:51:00.664Z,,AudioResolve
spotify:track:4UXwfhy8RTOcH0QWJF8SMg,Angine de Poitrine,Fabienk,2026-03-04T16:48:50.793Z,,BasslineRequests
spotify:track:4UYtZy4mJFkq5wPOn5SkFq,Vela Moss,Azimuth,2026-03-26T21:42:28.770Z,,BasslineRequests
spotify:track:4Uiw0Sl9yskBaC6P4DcdVD,Deftones,Be Quiet and Drive (Far Away),2026-01-02T19:36:05.616Z,,BasslineRequests
spotify:track:4UuVb9UCytGKQuPYFelWsN,"Endel, Dream Park",Spatial Sequence,2026-01-10T00:09:14.507Z,,AudioResolve
spotify:track:4VhIIYyfjJp2xaNKxXfj6C,Aeoluzzz,Rosé Pink Noise,2026-02-02T23:21:00.864Z,,BasslineRequests
spotify:track:4VymMhILk4DSwghPkLUPVS,Avenged Sevenfold,Critical Acclaim,2026-02-04T17:15:26.766Z,,BasslineRequests
spotify:track:4XS3s3pQ2Yi6tPeY0PYVIS,Deepnoum,Pink Noise Recharge,2026-02-02T23:21:00.864Z,,BasslineRequests
spotify:track:4XfN1B2bQoGESi5CpIkU8u,Nine Inch Nails,Permanence,2025-12-31T20:06:30.014Z,,BasslineRequests
spotify:track:4Y3K69pGmiWuivhLnbtw3i,Aumira,Spirit Sencha,2026-03-26T21:42:28.770Z,,BasslineRequests
spotify:track:4Y5vK6dsw7BtFsB4tyuzZr,Russian Circles,Atackla,2026-03-13T17:39:24.634Z,,BasslineRequests
spotify:track:4YFlTm1LcWX6hOxme2o9pH,Audiose,Pink Drift Focus,2026-02-02T23:21:00.871Z,,BasslineRequests
spotify:track:4Yf5bqU3NK4kNOypcrLYwU,Linkin Park,Faint,2026-03-03T16:22:05.587Z,spotify:playlist:7DOUp4LwMVEqpnPOF3oeRC,AddedToPlaylist
spotify:track:4YwIblyn5m2XAJ7ljh5d79,Milton Nascimento,Tudo O Que Você Podia Ser,2026-01-12T04:56:11.927Z,,BasslineRequests
spotify:track:4ZC08FjtjJFk0WktrjKtng,"Pigeon Hole, Of The Trees",Slow Craft,2026-02-08T03:15:22.443Z,,BasslineRequests
spotify:track:4ZT5vcmGejiaDvIH9AAIME,Ludwig Göransson,FOILS,2025-12-31T23:27:35.017Z,,BasslineRequests
spotify:track:4bLCPfBLKlqiONo6TALTh5,Deftones,Entombed,2026-01-02T19:20:01.410Z,,BasslineRequests
spotify:track:4bRMcJ517G0Zda8VmFZCZB,"CØNTRA, Saturna",What I Can Do,2026-02-07T22:12:45.376Z,spotify:playlist:3UqoL2pn0nLAdDp9KiLsuh,AddedToPlaylist
spotify:track:4c3AvJY7H4nETw1xXey04e,Charles Lloyd,Blues for Langston,2026-01-01T03:06:22.350Z,,BasslineRequests
spotify:track:4cLdpErILMO8Db8pQVAVcZ,Deftones,Mascara,2026-01-02T19:53:40.042Z,,BasslineRequests
spotify:track:4cXFtk0n7aPjiypuF1HFaA,"Max Richter, Tilda Swinton, Louisa Fuller, Natalia Bonner, John Metcalfe, Philip Sheppard, Chris Worsey",Shadow Journal,2026-03-09T17:22:34.901Z,,AudioResolve
spotify:track:4cs99TEADEOcGm5DRRFyOw,"Tiësto, Sevenn",BOOM - Radio Mix,2026-03-25T02:54:22.665Z,,AudioResolve
spotify:track:4dTzcw2ajjxSde0XFMoxXE,"Pedro Mizutani, Skinshape",Deixar,2026-01-12T05:31:11.014Z,,BasslineRequests
spotify:track:4dneV7C1yDt9UtyxrQY375,The Cure,Boys Don't Cry - Single Version,2026-01-31T01:49:31.284Z,,AudioResolve
spotify:track:4eFXZlD9f7teQ3CH4sVDZu,Flora Fossils,Higher Consciousness,2026-01-07T03:13:36.686Z,,BasslineRequests
spotify:track:4eQQGTTbcKl5abbaIM0OxW,Bruce Springsteen,Mansion on the Hill,2026-02-21T08:30:04.769Z,,BasslineRequests
spotify:track:4eziI4tbqNaohedWyHtJci,Quiet Tones,Warmth,2026-03-26T21:42:28.770Z,,BasslineRequests
spotify:track:4f4zISn85uS9AZsvW5VZlH,Sessa,Canção da Cura,2026-01-11T21:20:58.600Z,,AudioResolve
spotify:track:4fiOTntQKr24p07FvQDHZE,Slayer,Raining Blood,2026-01-28T04:03:54.229Z,,AudioResolve
spotify:track:4gKd0ezyQfKZHv9s8ZD98F,"Russian Circles, Chelsea Wolfe",Memorial,2026-01-13T20:56:06.671Z,,AudioResolve
spotify:track:4gMgiXfqyzZLMhsksGmbQV,Pink Floyd,"Another Brick in the Wall, Pt. 2",2026-02-01T22:29:32.851Z,,BasslineRequests
spotify:track:4hYNZvsCnAOZP0lADhpmgC,Deftones,(L)MIRL,2026-01-02T23:49:53.600Z,,BasslineRequests
spotify:track:4ie9a7aQFIUFnOOTeZxtLc,Rush,YYZ - Rio Live,2026-01-07T00:04:21.963Z,,AudioResolve
spotify:track:4jiwz2tQZo21Z4NQwz4zUt,Artemas,southbound,2026-03-07T15:20:44.894Z,,BasslineRequests
spotify:track:4kLLWz7srcuLKA7Et40PQR,Black Eyed Peas,I Gotta Feeling,2026-01-01T06:35:34.432Z,,AudioResolve
spotify:track:4kcnySwaXAKatz4c5U8MSI,Noah Reid,"Simply the Best (From ""Schitt's Creek"")",2026-03-21T06:29:51.466Z,,BasslineRequests
spotify:track:4kvsFGY8nTShpUmjuEjSqi,Ital Tek,Open Heart,2026-01-21T21:07:03.612Z,,BasslineRequests
spotify:track:4kz5f9UdcmpRRJmSv64gXD,Flea,Pedestal of Infamy,2026-03-05T20:30:38.054Z,,BasslineRequests
spotify:track:4llDF3RuBQYj2nkjTCJY4w,This Will Destroy You,Quiet,2026-02-02T23:10:46.565Z,,BasslineRequests
spotify:track:4m8wPzkI1y0sUdqEh4A7fq,Deftones,Kimdracula,2026-01-02T23:58:00.996Z,,BasslineRequests
spotify:track:4mNcrDnodJlStU1JoXiJLi,This Will Destroy You,Sound of Your Death,2026-02-02T23:24:42.970Z,,BasslineRequests
spotify:track:4oW5aCSirJUGWZfxPeHsNY,This Will Destroy You,Kitchen,2026-02-02T23:24:42.970Z,,BasslineRequests
spotify:track:4odbTZUw8sqfkz0Aor84DV,Jianwu,Sonar Light,2026-01-06T17:35:59.702Z,,BasslineRequests
spotify:track:4ooPcL2L0X03bp0DVk382J,This Will Destroy You,Communal Blood,2026-02-02T23:21:06.729Z,,BasslineRequests
spotify:track:4pH26bIUEZ4QCVLF00gES0,Nine Inch Nails,Infiltrator,2025-12-31T20:06:39.231Z,,BasslineRequests
spotify:track:4pXvXJ3MzVP8HQkcVuUBsb,Russian Circles,Conduit,2026-01-13T23:52:08.517Z,,AudioResolve
spotify:track:4pxoloyifzuOTJi2qQsZdX,Ana Mazzotti,De um Jeito Só,2026-01-12T21:07:07.424Z,,BasslineRequests
spotify:track:4qBGR3LXi42XRyNseebVR1,This Will Destroy You,Glass Realms,2026-02-02T23:21:06.767Z,,BasslineRequests
spotify:track:4qYHigKF19knY6xRZRdDzz,Indigo Rae,A Brighter Tomorrow,2026-03-26T21:42:28.770Z,,BasslineRequests
spotify:track:4qp0G8jqiLlX7XKrQXrbDd,Rubicon Fray,Serein,2026-01-07T20:05:37.437Z,,BasslineRequests
spotify:track:4rRYvINwcnaZ1WZO6ryY9H,Russian Circles,Campaign,2026-03-16T23:44:12.260Z,,BasslineRequests
spotify:track:4saUdtxUbXP06VC71JW0ef,Apaxx,Sparrow Delta 68 Hz - 71 Hz,2026-03-26T21:42:28.770Z,,BasslineRequests
spotify:track:4t6E5uNN3z10uKMbfhnD7l,"16BL, Nour",Sharks,2026-03-22T03:06:11.027Z,,BasslineRequests
spotify:track:4t6FZ30NUISJ7jJJvsKpyj,Russian Circles,Vorel,2026-03-02T22:23:54.720Z,,BasslineRequests
spotify:track:4tWp9npW9GGO1QicDQwh72,This Will Destroy You,Arena,2026-02-02T23:21:06.767Z,,BasslineRequests
spotify:track:4u0xQGWls2vYipfiqx0eTc,Gjenklang,As We Unfold (Ambient Version),2026-01-13T19:10:34.994Z,,AudioResolve
spotify:track:4u7Nvb39VgEa1bvasQmFu9,Russian Circles,1777,2026-03-12T03:22:50.197Z,,BasslineRequests
spotify:track:4veeNpXDK1YRHMTJ1Cppsg,Avenged Sevenfold,Buried Alive,2026-02-04T17:15:26.766Z,,BasslineRequests
spotify:track:4wX5I2csvNtXfoqdIxKDLT,Yarin Primak,Billy Billy,2026-03-21T23:42:04.663Z,spotify:playlist:7HRSsuGlxMuQjKPps1iOXv,AddedToPlaylist
spotify:track:4wj0LATYaC2mt9wSOrmbzC,"Daily Bread, EAZYBAKED",FRESH BAKED BREAD,2026-03-21T23:42:04.663Z,spotify:playlist:7HRSsuGlxMuQjKPps1iOXv,AddedToPlaylist
spotify:track:4xXwrD7BWBISG2ncWypGHb,This Will Destroy You,Threads - Live,2026-02-02T23:21:06.729Z,,BasslineRequests
spotify:track:4xqXQ0uxRxluGxOYG7aa9C,Gerald Clayton,Cinnamon Sugar,2025-12-31T00:24:05.380Z,,BasslineRequests
spotify:track:4y850tpHLlPs9ncFbWWHcc,Sessa,Bicho Lento,2026-01-12T17:03:25.059Z,,AudioResolve
spotify:track:4yby4O9dr4pyvUBOR7zGcr,This Will Destroy You,Leather Wings,2026-02-02T23:21:06.767Z,,BasslineRequests
spotify:track:4zuFAojE0BRJpR1NbecoRl,Sydney Woods,Embrace,2026-03-26T21:42:28.770Z,,BasslineRequests
spotify:track:503OTo2dSqe7qk76rgsbep,"Dr. Dre, Snoop Dogg",Still D.R.E.,2026-01-23T03:47:03.442Z,,AudioResolve
spotify:track:51c94ac31swyDQj9B3Lzs3,Deftones,Change (In the House of Flies),2026-01-02T19:26:13.850Z,,BasslineRequests
spotify:track:51ckDTqIT72bXrmB258H18,salotto,Carried by the Wind,2026-03-26T21:42:28.770Z,,BasslineRequests
spotify:track:51qLwma4Inadf6rjcPRvhT,"This Will Destroy You, Julianna Barwick",The Puritan - Julianna Barwick Remix,2026-02-02T00:03:39.657Z,,BasslineRequests
spotify:track:52CEzmbEEm4tqdtqmqorve,This Will Destroy You,Grandfather Clock,2026-02-02T23:21:06.729Z,,BasslineRequests
spotify:track:52O5Dws8LUDzRl0uPLIkQm,Delicatessen Noise,Delicate Pink Noise,2026-02-02T23:21:00.864Z,,BasslineRequests
spotify:track:52QOOeICT7uUg3EaET0Xr0,"Pedro Mizutani, Skinshape",Criaturas da Noite,2026-01-11T23:09:00.675Z,,BasslineRequests
spotify:track:52b4pbIMql3NvXpybWIvj3,Hum,I'd Like Your Hair Long,2026-01-05T20:41:34.817Z,,AudioResolve
spotify:track:548rJzkIEvoPBb12p2H5zW,This Will Destroy You,Weeping Window,2026-02-02T23:21:06.767Z,,BasslineRequests
spotify:track:54JL7N5nf7vAt3foSarQBy,This Will Destroy You,Sleep - Bonus Track,2026-02-02T23:24:42.970Z,,BasslineRequests
spotify:track:54TgI46OnNqcf0SyzQyCL6,BICEP,Atlas,2026-02-26T22:28:51.758Z,,BasslineRequests
spotify:track:54UrbTg1hjmJGnzMDt6prM,Thyyphoon,Pink Noise For Sleep,2026-02-02T23:21:00.871Z,,BasslineRequests
spotify:track:55DA1NnaN6GVo3A7aeC9D1,Falling into Pink,Slumber Pink Noise,2026-02-02T23:21:00.871Z,,BasslineRequests
spotify:track:55gnBQAhU5rGzLsXTAx2MM,Burial,Archangel,2026-02-21T08:24:19.241Z,,AudioResolve
spotify:track:55mW03rqsI9s3xUnuruF7G,Angine de Poitrine,Sherpa,2026-03-04T16:41:24.089Z,,AudioResolve
spotify:track:56IQUfsUskt9VHe6YM6kue,Sarah Vaughan,Black Coffee,2026-03-07T22:47:53.070Z,,BasslineRequests
spotify:track:56R9s9y7mWoHWxgFnRPX1i,"Haywyre, Zeros",Permutate,2026-01-05T22:53:12.336Z,,BasslineRequests
spotify:track:56jtQfZQGnsCqZSv87SMGB,Jasper Grayson,Embraced by You,2026-03-26T21:42:28.811Z,,BasslineRequests
spotify:track:581mukhDjta60CCwpvnjL9,Skindred,Nobody,2026-03-03T16:22:05.587Z,spotify:playlist:7DOUp4LwMVEqpnPOF3oeRC,AddedToPlaylist
spotify:track:591siJfZjWd9QPnEMvUkqk,"Chris McCarthy, Takuya Kuroda, Sam Minaie, Eden Bareket, Steven Crammer",No Breakfast,2025-12-31T04:13:43.806Z,,BasslineRequests
spotify:track:59D4DOkspUbWyMmbAPQkxZ,Bad Bunny,VOY A LLeVARTE PA PR,2026-02-11T20:39:21.993Z,,BasslineRequests
spotify:track:59Y2GLn55BVjX3UTMUDtTP,"Florence + The Machine, The xx, Jamie xx",You've Got The Love - Jamie xx Rework,2026-01-03T18:49:07.018Z,,BasslineRequests
spotify:track:5APNI9MtOxPelHOXOLxlEH,This Will Destroy You,Shapeless Burst,2026-02-02T23:21:06.729Z,,BasslineRequests
spotify:track:5BF1aWpRk8Wa9f25C3til3,Clouderr,Pink Panther,2026-02-02T23:21:00.871Z,,BasslineRequests
spotify:track:5Bpc360LNUScK53FrM8nvB,Deftones,Hole in the Earth,2026-01-02T22:51:27.726Z,,BasslineRequests
spotify:track:5BqSD5aMR0XSsq1S7XwHJX,Aquagirl,Pink Noise Surface,2026-02-02T23:21:00.184Z,,BasslineRequests
spotify:track:5CDE14lBO8Zhm8eLCY9jCW,Reality Sound,Smooth Pink Noise - Waterfall,2026-02-02T21:15:34.714Z,,BasslineRequests
spotify:track:5CF9HZZcjjDlUSQEjqpgQz,This Will Destroy You,Entrance,2026-02-02T23:21:06.767Z,,BasslineRequests
spotify:track:5D6kR4q7RGKh0mw07NGE4t,СОЮЗ,Offscreen,2026-01-11T22:23:44.464Z,,BasslineRequests
spotify:track:5E9zjAUmexsxEYRNZ0B5EH,Notaker,Abyss,2026-01-06T01:11:06.977Z,,BasslineRequests
spotify:track:5EaBey45mP8n0UW571iT2R,Lusunzi,Where Rivers Run,2026-03-26T21:42:28.811Z,,BasslineRequests
spotify:track:5EsPLgSs1UQIDJG0U00RuJ,"Joni Mitchell, Jeanette Lindström, Steve Dobrogosz",Both Sides Now,2026-03-12T15:38:24.996Z,,BasslineRequests
spotify:track:5GZEeowhvSieFDiR8fQ2im,Damien Rice,9 Crimes,2026-01-25T05:52:03.599Z,,BasslineRequests
spotify:track:5GeOgn1wShcq8oA3hxRV6J,S Dedalus,Skylight,2026-03-26T21:42:28.770Z,,BasslineRequests
spotify:track:5GpDBAtt26KQjgEkaMRJ9Q,Heavenly Fluff,Rosy Dreams,2026-02-02T23:21:00.871Z,,BasslineRequests
spotify:track:5H1sKFMzDeMtXwND3V6hRY,BLACKPINK,JUMP,2026-03-03T01:42:38.947Z,,BasslineRequests
spotify:track:5I89rHeQpxFGVseikEgY12,The Dead Milkmen,Bitchin' Camaro,2026-02-23T01:25:47.039Z,,BasslineRequests
spotify:track:5Inkiv5gzco7HjS0BKudBJ,Day Nappers,Wrapped in Blush,2026-02-02T23:21:00.871Z,,BasslineRequests
spotify:track:5Iqfl1S33qXSHaUUrPiaZY,Russian Circles,Conduit,2026-03-12T03:46:33.528Z,,BasslineRequests
spotify:track:5IvT4DjzrBA0pKFSjppqvM,Matt Lange,Testarossa,2026-01-02T15:41:21.037Z,,BasslineRequests
spotify:track:5J2CHimS7dWYMImCHkEFaJ,The Beatles,A Hard Day's Night - Remastered 2009,2026-03-06T00:01:21.322Z,,BasslineRequests
spotify:track:5Jfa1TJRwDnofxUlDg1yQy,Avenged Sevenfold,(O)rdinary,2026-02-04T17:15:26.766Z,,BasslineRequests
spotify:track:5K4aM0ScpciVIZoHUS24PN,Dinkotrons,Slow Down With Pink,2026-02-02T23:21:00.871Z,,BasslineRequests
spotify:track:5LaatZmLycE71jtbQNgpM3,This Will Destroy You,I Believe in Your Victory,2026-02-02T23:21:06.729Z,,BasslineRequests
spotify:track:5LkX4dhoH5d8txyLm9n7Mb,Volor Flex,The Wind in the Trees,2026-01-10T20:06:09.225Z,,BasslineRequests
spotify:track:5Lqq8c2GbJ4L2HPhTs0Yid,This Will Destroy You,There Are Some Remedies Worse Than the Disease,2026-02-02T23:21:06.729Z,,BasslineRequests
spotify:track:5MAPt0beSbEQdPM5SfJwyl,The Protomen,In the Air Tonight,2026-01-28T01:11:10.221Z,,BasslineRequests
spotify:track:5NJTJElk0ArSxQtYjA0rYR,Avenged Sevenfold,Until the End,2026-02-04T17:15:26.766Z,,BasslineRequests
spotify:track:5PL7k9QH7Kj7B4527dHvon,"HUGEL, Totó La Momposina",La Verdolaga,2026-02-12T16:50:21.918Z,,BasslineRequests
spotify:track:5Q1jGTWshCalRQcLSM90qV,Mina Rojas,Visions,2026-03-26T21:42:28.770Z,,BasslineRequests
spotify:track:5Q6tpNCQsROJYtUDbZfG5U,Gulminya,The Last Light,2026-03-26T21:42:28.770Z,,BasslineRequests
spotify:track:5QQqVvyKuC4gYtkRmixdwQ,This Will Destroy You,Quiet,2026-02-02T23:21:06.729Z,,BasslineRequests
spotify:track:5QReIH9VMDvs0UMDDCUeqf,Kolm,Entheotheosis,2026-01-06T04:03:41.026Z,,AudioResolve
spotify:track:5Qj56RpF3aiNwXJNWd4LbK,Austrian Death Machine,One More Rep,2026-03-03T16:21:09.639Z,,AudioResolve
spotify:track:5R3e5tMI5Ugr2HCzH90hpx,"Theo Croker, Sullivan Fortner",A Prayer for Peace,2025-12-31T19:05:30.306Z,,BasslineRequests
spotify:track:5TFD2bmFKGhoCRbX61nXY5,Bad Bunny,NUEVAYoL,2026-02-11T03:42:14.316Z,,BasslineRequests
spotify:track:5TGCq9mNirOQds6F2J1PnA,Carpenter Brut,Leather Temple,2026-01-22T04:34:26.406Z,,AudioResolve
spotify:track:5TJlSKnKnvPcp48BXhHWik,WHO SHOT SCOTT,LONERS ANTHEM,2026-03-21T23:42:04.663Z,spotify:playlist:7HRSsuGlxMuQjKPps1iOXv,AddedToPlaylist
spotify:track:5U5psHVFtBrSgWgVvSX4pA,This Will Destroy You,Villa del Refugio - Study,2026-02-02T23:21:06.729Z,,BasslineRequests
spotify:track:5UBBJnFxsfjFxfrtvErQoH,The xx,Crystalised,2026-01-03T19:00:01.253Z,,BasslineRequests
spotify:track:5UgFaad9vWL3zNmbSTPH1R,The Sam Chase,Ain't That the Way,2026-03-13T23:28:33.910Z,,AudioResolve
spotify:track:5WUCzzh5ew12yV09xnSxxW,This Will Destroy You,Cascade,2026-02-02T23:24:42.970Z,,BasslineRequests
spotify:track:5WWOAyrUZIlaX5RDJ2Da8v,Soundverb,Daisy's Pink Noise,2026-02-02T23:21:00.871Z,,BasslineRequests
spotify:track:5Y0zD7CZqb13bjjFld0z79,Hello Artemisia!,Aimai,2026-03-26T21:42:28.770Z,,BasslineRequests
spotify:track:5Y2iKc41aFa1rIG6vOIClH,Brad Mehldau,Between the Bars,2025-12-31T01:57:02.807Z,,BasslineRequests
spotify:track:5YSldUKXVoUVC0giG4t85B,"Ivy Lab, Two Fingers, Amon Tobin",Orange,2026-02-07T22:12:45.376Z,spotify:playlist:3UqoL2pn0nLAdDp9KiLsuh,AddedToPlaylist
spotify:track:5YTM7OgQDt9EJAYcfHLniJ,"A Tribe Called Quest, Trugoy The Dove",Award Tour (feat. Trugoy The Dove),2026-02-21T08:20:44.972Z,,AudioResolve
spotify:track:5YfGdd5eCtbk7xg7spzYUT,Faible Et Lente,Whirring Pink Machine,2026-02-01T01:30:09.275Z,,BasslineRequests
spotify:track:5Z0HDixFz1mtvPOXLtCKU9,Chet Baker,Born To Be Blue,2026-03-08T05:44:52.915Z,,AdvanceStuck
spotify:track:5Z4YeqJLy2Ik0NYr0xlfh7,Brandee Younger,Gadabout Season,2025-12-31T00:23:34.394Z,,BasslineRequests
spotify:track:5aRMApCifuUZKjWbZuJCkT,Luna Novina,Enchanted Silence,2026-03-26T21:42:28.811Z,,BasslineRequests
spotify:track:5anCkDvJ17aznvK5TED5uo,Avenged Sevenfold,Hail to the King,2026-02-04T17:15:26.766Z,,BasslineRequests
spotify:track:5bGMMNxjvlledmzq9dItvf,Rogê,Existe Uma Voz,2026-01-12T05:33:42.446Z,,BasslineRequests
spotify:track:5dSidrJ5XHdP1xb11xpV2z,Avenged Sevenfold,Game Over,2026-02-04T17:15:26.766Z,,BasslineRequests
spotify:track:5eMVO674D33kPNUsJo2oNd,Ava Serenade,Zero,2026-01-08T20:06:06.413Z,,BasslineRequests
spotify:track:5edqOKLNd6Z29DEltLispT,Pinkcalm,Enchanted Pink Noise,2026-02-02T23:21:00.871Z,,BasslineRequests
spotify:track:5gKOsci56ItnPBZO62I4i3,This Will Destroy You,Grandfather Clock,2026-02-02T23:21:06.729Z,,BasslineRequests
spotify:track:5hbAIgjMQ6tCZ9Gz1iWbcy,This Will Destroy You,Lie Down in the Light,2026-02-02T23:21:06.767Z,,BasslineRequests
spotify:track:5hm3jK67IElspYxdAvB0wu,"Charlie Peacock, Brian Blade, Jeff Coffin, Scott Mulvahill, Roger Smith",Promise of Fellowship Kept,2025-12-31T17:53:10.118Z,,BasslineRequests
spotify:track:5ho6S9JKDhAVsiNB7fnVBl,This Will Destroy You,Powdered Hand,2026-02-01T22:54:55.047Z,,BasslineRequests
spotify:track:5hxcxipGOjgTzrPOkfsyyS,Deftones,Xerces,2026-01-02T23:31:55.390Z,,BasslineRequests
spotify:track:5i1oSgQgD64N3uj1Jkp4OO,Avenged Sevenfold,Tension,2026-02-04T17:15:26.766Z,,BasslineRequests
spotify:track:5jE2MH6J9clMtNYiKW0IB7,August Burns Red,Behemoth,2026-03-03T16:22:05.587Z,spotify:playlist:7DOUp4LwMVEqpnPOF3oeRC,AddedToPlaylist
spotify:track:5jR0qcl60AiW6DQE1L6KW9,Neioh,Lingering Dusk,2026-01-12T01:11:04.008Z,,BasslineRequests
spotify:track:5kN9ZvDw7vdpgSzrXDtlwe,This Will Destroy You,Exit,2026-02-02T00:00:47.329Z,,BasslineRequests
spotify:track:5kVZxyMY1gfdCLiChsfjn1,Bad Bunny,Yo No Soy Celoso,2026-02-11T04:18:40.423Z,,BasslineRequests
spotify:track:5kzoRHOhLIGVQGsxi8fWpy,Justo Betancourt,Pa' Bravo Yo,2026-02-12T16:46:36.024Z,,BasslineRequests
spotify:track:5lxoaVBOSz0CCv0kGyYrZU,Russian Circles,Verses,2026-03-13T02:35:19.534Z,,BasslineRequests
spotify:track:5m73DbxHezTGReSgLJjVDq,This Will Destroy You,The Mighty Rio Grande - Live,2026-02-02T23:21:06.729Z,,BasslineRequests
spotify:track:5mBps7Tf9aeJF7RkbyYwos,Trap Of Sounds,Horizon - (Pink Noise),2026-02-01T01:38:27.026Z,,BasslineRequests
spotify:track:5mk3THKdn272Pl1COb150O,Deftones,Be Quiet and Drive (Far Away) - Acoustic; 2005 Remaster,2026-01-09T22:07:09.711Z,,AudioResolve
spotify:track:5mrxUVYEyowgATPU35aZay,Franz Gordon,The French Library,2026-03-05T06:22:28.482Z,,BasslineRequests
spotify:track:5njraCJH3kezunxuBGpKf1,"Cécile McLorin Salvant, June McDoom, Kate Davis",Take this stone (feat. June McDoom & Kate Davis),2025-12-31T03:29:36.348Z,,BasslineRequests
spotify:track:5o8OdhjVZSF2wCj7M8UpMN,Avenged Sevenfold,Natural Born Killer,2026-02-04T17:15:26.766Z,,BasslineRequests
spotify:track:5oZ543J7tMK3vIdQ3VbgFK,Freq Molecule,Pink Prosecco Dreams,2026-02-02T23:21:00.864Z,,BasslineRequests
spotify:track:5pG5eAXZvaAad9QpI5MIu3,Mogwai,Like Herod,2026-03-03T14:44:34.785Z,,BasslineRequests
spotify:track:5pLikJdoNz9HRrilwGz8Sz,Kasablanca,Better Today Better Tomorrow,2026-03-22T03:16:46.141Z,,BasslineRequests
spotify:track:5pNtz0lgqQbUNlu0HyxhmM,Joseph Ray,Room 1.5 - Radio Edit,2026-03-22T03:20:42.471Z,,BasslineRequests
spotify:track:5pVggg1hxfapkO1CrrngQs,Matsyendrasana,Grace in Motion,2026-01-07T03:22:04.763Z,,BasslineRequests
spotify:track:5piJiL6aRhvrKBa9YuEfS9,The Doors,Peace Frog,2026-03-06T00:22:22.442Z,,BasslineRequests
spotify:track:5qNFLe94kVtQyaqDFHAs7r,Jónsi,Stillness,2026-03-26T21:42:28.811Z,,BasslineRequests
spotify:track:5rAMwNK5oJZcKqqu0BULfw,Antibalas,La Ceiba,2026-01-01T03:59:38.622Z,,BasslineRequests
spotify:track:5rAxhWcgFng3s570sGO2F8,Linkin Park,A Place for My Head,2026-03-03T16:22:05.587Z,spotify:playlist:7DOUp4LwMVEqpnPOF3oeRC,AddedToPlaylist
spotify:track:5rHfrS1SUYxyyLx9G1feqw,This Will Destroy You,I Believe in Your Victory,2026-02-02T23:21:06.729Z,,BasslineRequests
spotify:track:5rjjZsgYH5pQ5wbt93dhQA,Aunt Cynthia's Cabin,Moon Dust,2026-03-05T22:56:29.623Z,,BasslineRequests
spotify:track:5sEAPClDm7qs7QqWmwilIG,This Will Destroy You,The Puritan,2026-02-02T23:21:06.729Z,,BasslineRequests
spotify:track:5sUCU4eiyf0pplIJ7OGEoc,Deftones,Beauty School,2026-01-02T22:23:27.706Z,,BasslineRequests
spotify:track:5uDKcgDtrTznzYoenaqtZC,Rosonance,Deep Pink Noise,2026-02-02T23:21:00.871Z,,BasslineRequests
spotify:track:5vAwtTz0syQ1Q86R1B3faz,Angine de Poitrine,Mata Zyklek,2026-03-04T18:07:59.493Z,,BasslineRequests
spotify:track:5vQaytAmWo6AoVoYV4uQtW,Aura Veil,Sacred Stillness,2026-01-06T18:01:51.618Z,,BasslineRequests
spotify:track:5vVKkF3xih38Vcoo4HgAo8,Deftones,Engine No. 9,2026-01-02T23:19:48.035Z,,BasslineRequests
spotify:track:5vwa0rGlhnSWQwEGedVGHg,Hevios,Silhouettes,2026-03-26T21:42:28.770Z,,BasslineRequests
spotify:track:5yYz39nEuOXpNir7FSB8rA,This Will Destroy You,Black Dunes (Holy Other’s Woman in the Dunes Mix),2026-02-02T23:24:42.970Z,,BasslineRequests
spotify:track:5z161QQZMgQxSILnv3QoJk,Sarah Vaughan,Lullaby Of Birdland,2026-03-08T02:41:51.916Z,,BasslineRequests
spotify:track:5z1E46RvhI34TTM2FDMPrp,Brian Eno,1/2 - Remastered 2004,2026-01-07T00:36:18.223Z,,AudioResolve
spotify:track:61Ad95lVR8KdblY5He6SY8,Snowy White,How Was It for You,2026-01-29T16:13:34.117Z,,BasslineRequests
spotify:track:61VJXbD4Ea3KTumwwLgnTQ,Cari Cari,One More Trip Around The Sun,2026-03-20T16:37:56.707Z,,BasslineRequests
spotify:track:61WE54H3MD9N5P56Mpr6TN,The xx,Replica,2026-01-03T20:00:43.343Z,,BasslineRequests
spotify:track:62OMsscnYFk8J2Vj5BXxqj,This Will Destroy You,Woven Tears,2026-02-02T23:24:42.970Z,,BasslineRequests
spotify:track:62a4P1ZKVOzOjrtBnIMVh8,Pink Floyd,Learning to Fly - Live,2026-03-22T17:36:15.764Z,,BasslineRequests
spotify:track:62caZ40BTHoe4gnRjEVaEz,Pink Floyd,Keep Talking - Live,2026-03-22T17:41:35.912Z,,BasslineRequests
spotify:track:62duewknNqt9fZhBoYAanE,TesseracT,Eden - P O R T A L S,2026-02-03T00:01:55.155Z,,BasslineRequests
spotify:track:63AXbG0B9D4g0ZHzfu4jLn,This Will Destroy You,Rooftop,2026-02-02T23:24:42.970Z,,BasslineRequests
spotify:track:63GJDO5mxiFP1ZQEpdUWRd,Polaris,The Remedy,2026-01-16T03:35:14.098Z,,BasslineRequests
spotify:track:643gyipSU7dkmrFhJ8UAIm,Aphex Twin,Pulsewidth,2026-02-07T22:12:45.376Z,spotify:playlist:3UqoL2pn0nLAdDp9KiLsuh,AddedToPlaylist
spotify:track:64KFDOoUIFzrkegtCLqVgV,Russian Circles,Schiphol,2026-03-13T02:30:10.682Z,,BasslineRequests
spotify:track:64qLjBGH5Ld0ICOOZQAW1n,Pássaro,Assum Preto,2026-01-12T05:45:10.986Z,,BasslineRequests
spotify:track:65ShmiE5aLBdcIGr7tHX35,TOOL,Vicarious,2026-01-06T03:13:27.269Z,,BasslineRequests
spotify:track:65TBuRMHuHeNrFBzddDsbU,Celestial Nora,Leaves,2026-03-26T21:42:28.811Z,,BasslineRequests
spotify:track:65rJm3bVIiepob1urW1nw3,Canabliss,Soul Call,2026-02-08T03:27:15.477Z,,BasslineRequests
spotify:track:660MDwkTsKjaVrpevWGo2N,Celestial Aura,Falling Light,2026-03-25T21:59:43.221Z,,AudioResolve
spotify:track:664mxd7tkS4Nc1ktjuY6C2,Angine de Poitrine,Tohogd,2026-03-04T17:48:14.698Z,,BasslineRequests
spotify:track:66BUPKTwiKbKrNeqnpT2gh,Mr. Bill,Cascaded Strings VIP,2026-02-08T03:39:43.527Z,,BasslineRequests
spotify:track:66ckeiLFnVpv9IZ5iW3Zcx,Aveniós,Timeline,2026-03-26T21:42:28.770Z,,BasslineRequests
spotify:track:671sDyeE398eD0sdGuVbZU,A Tribe Called Quest,Steve Biko (Stir It Up),2026-02-21T08:30:29.788Z,,BasslineRequests
spotify:track:67CIALD233MbaJ5nDV1QlG,"Russian Circles, Audiotree",Quartered - Far Out Version,2026-01-28T20:06:16.635Z,,AudioResolve
spotify:track:67R8FmzwyQwWPob3qH7nfC,Pedestrian Tactics,Riddle,2026-02-07T22:12:45.376Z,spotify:playlist:3UqoL2pn0nLAdDp9KiLsuh,AddedToPlaylist
spotify:track:67w1cb9ESAnCGJkC9hW2nO,Avenged Sevenfold,I Won't See You Tonight Part 1,2026-02-04T17:15:26.766Z,,BasslineRequests
spotify:track:67wBtXxwXOh5pseldx92FT,"Aline Frazão, Paulo Flores",Matacedo,2026-01-12T23:02:34.259Z,,BasslineRequests
spotify:track:693OSFEftF9Cc2SFsiHxsO,Russian Circles,Milano,2026-03-11T18:05:57.565Z,,BasslineRequests
spotify:track:69HNELzycnP7UucHMyfPv6,Meliore,Serene Sanctuary,2026-03-26T21:42:28.811Z,,BasslineRequests
spotify:track:69g5H45jmhVbX6hwbP1ZE3,Rosonance,Noise of Blush,2026-02-02T23:21:00.871Z,,BasslineRequests
spotify:track:69gBAQdpxvCsw34Bbf8MnD,Avenged Sevenfold,The Stage,2026-02-04T17:15:26.766Z,,BasslineRequests
spotify:track:69oLqnnqggg6v7JMw9VIbf,Rage Against The Machine,Year of tha Boomerang,2026-01-26T16:57:34.477Z,,AudioResolve
spotify:track:6AtgHxdvghUjcjdPX1VhWN,Bruce Springsteen,Streets of Minneapolis - Radio Mix,2026-01-29T22:05:50.408Z,,BasslineRequests
spotify:track:6BO7StXzy6FRgxhRZ6DJbZ,Sleep Noise Island,Mountain Ascent,2026-01-30T04:50:41.332Z,,AudioResolve
spotify:track:6BZamWG6hfyq6chn88MfA2,Ivy Lab,Amber,2026-03-21T23:42:04.663Z,spotify:playlist:7HRSsuGlxMuQjKPps1iOXv,AddedToPlaylist
spotify:track:6CgkDd7PJVghkT2gDA3EJ5,Ljusnan,Frid,2026-03-26T21:42:28.770Z,,BasslineRequests
spotify:track:6DB2CW9ttaCA0Nqxozwh92,Mindful Measures,Pink Mind Oasis,2026-02-02T23:21:00.864Z,,BasslineRequests
spotify:track:6DGpCFSymsgduyPjuohFTF,Bruno Berle,Som Nyame,2026-01-12T05:18:57.856Z,,BasslineRequests
spotify:track:6DoXuH326aAYEN8CnlLmhP,Deftones,7 Words,2026-01-02T20:19:18.840Z,,BasslineRequests
spotify:track:6E9klSzlb6yxp71JdgPro8,Nine Inch Nails,The Four of Us Are Dying,2025-12-31T20:53:58.658Z,,BasslineRequests
spotify:track:6F9Zmskmo9MY5YHCq7y7ji,Russian Circles,Youngblood,2026-01-16T02:53:48.819Z,,BasslineRequests
spotify:track:6FI3RJ58Ztl0X1VtA6pVs9,"A Tribe Called Quest, Busta Rhymes",Oh My God (feat. Busta Rhymes),2026-02-21T08:30:37.356Z,,BasslineRequests
spotify:track:6FVYwnVrnAEIRnY3bHJb46,Avenged Sevenfold,Beast and the Harlot,2026-02-04T17:15:26.766Z,,BasslineRequests
spotify:track:6GHZjtoViTZgG9yCJpzGW4,This Will Destroy You,Memory Ranking,2026-02-02T23:21:06.767Z,,BasslineRequests
spotify:track:6GwSTzPQnwMiWMkwTyN0tK,Sessa,Flor do Real,2026-01-12T07:17:03.074Z,,BasslineRequests
spotify:track:6HgrJfzfj9WRBABdussy8z,Deftones,Rx Queen,2026-01-03T00:05:49.118Z,,BasslineRequests
spotify:track:6Hn9ZU7hZKAh1HsYMA26o8,Jorge Ben Jor,Xica Da Silva,2026-01-12T05:41:08.425Z,,BasslineRequests
spotify:track:6HucVIn1g3dMLdmIBzDDpP,Infinitesimal,Chasm,2026-01-07T22:07:45.694Z,,BasslineRequests
spotify:track:6Ibp1yXeTZY5au5i3AgXR8,Dancing Waves,Pink Noise for Tranquility,2026-02-02T23:21:00.864Z,,BasslineRequests
spotify:track:6J5kc12BW5HuP3d7C3vvx8,Bad Bunny,EoO,2026-03-23T02:33:06.343Z,,BasslineRequests
spotify:track:6JTYg0H6jvDMtpnP11NpE0,Pink Floyd,Coming Back to Life - Live,2026-03-22T17:50:12.600Z,,BasslineRequests
spotify:track:6KGVZnT4nHHfjm55MAHLjI,Eprom,Oksana,2026-03-21T23:42:04.663Z,spotify:playlist:7HRSsuGlxMuQjKPps1iOXv,AddedToPlaylist
spotify:track:6KVM6U9Wcxgjh0jDjoRDgh,The Doors,Waiting for the Sun,2026-03-06T00:03:56.130Z,,BasslineRequests
spotify:track:6LUCYyMZyeukkZ0BIG0dYC,Daily Bread,Back To The Moon,2026-03-21T23:42:04.663Z,spotify:playlist:7HRSsuGlxMuQjKPps1iOXv,AddedToPlaylist
spotify:track:6MEiPAaOU2cRr1MCiPLmNx,Russian Circles,Afrika - Live,2026-01-28T23:03:46.661Z,,AudioResolve
spotify:track:6MY1xABxoZATrEr4FeUhEM,Damien Rice,Delicate,2026-03-17T05:46:53.959Z,,BasslineRequests
spotify:track:6NZPGax7MzuTc32VUEOmz5,Hugleiösla,Fegðin,2026-03-26T21:42:28.770Z,,BasslineRequests
spotify:track:6NfOYGnrKe5Hc4YccTUnih,Quiet Robot,Many Nights Like This,2026-01-07T23:08:49.851Z,,BasslineRequests
spotify:track:6Nm8h73ycDG2saCnZV8poF,Rob Zombie,Dragula,2026-03-03T16:22:05.587Z,spotify:playlist:7DOUp4LwMVEqpnPOF3oeRC,AddedToPlaylist
spotify:track:6NqeqPnOGPJaAAvMa9qdTR,This Will Destroy You,They Move On Tracks Of Never-Ending Light - Live,2026-02-02T23:21:06.729Z,,BasslineRequests
spotify:track:6OENroGXt9K1FdnDcjLcpv,Victoria Canal,June Baby,2026-02-03T06:20:33.033Z,,BasslineRequests
spotify:track:6PKt491V2U0DgfW8QrVygA,Pink Noise Orchestra,Calming Pink Waves,2026-02-02T23:21:00.864Z,,BasslineRequests
spotify:track:6PwjJ58I4t7Mae9xfZ9l9v,The Killers,Somebody Told Me,2026-01-02T03:04:01.543Z,,BasslineRequests
spotify:track:6Q1aEumqxRnW8YbolJ8osI,This Will Destroy You,Dustism,2026-01-30T00:41:04.160Z,,BasslineRequests
spotify:track:6Qb7gtV6Q4MnUjSbkFcopl,Paul Simon,50 Ways to Leave Your Lover,2026-03-06T00:31:52Z,,BasslineRequests
spotify:track:6QfuMF4tGiWRGpHysIrPes,Russian Circles,Asa,2026-01-28T22:25:10.461Z,,BasslineRequests
spotify:track:6R4NjnvN8gZFPlNFqGAVWT,"Dal Av, Jackson Rose",Insanely Illegal Cage Fight,2026-03-03T16:22:05.587Z,spotify:playlist:7DOUp4LwMVEqpnPOF3oeRC,AddedToPlaylist
spotify:track:6SNv5lvGrXJxsR3ZB5R8Kp,This Will Destroy You,Serpent Mound,2026-02-02T23:24:42.970Z,,BasslineRequests
spotify:track:6Sq7ltF9Qa7SNFBsV5Cogx,"Bad Bunny, Chencho Corleone",Me Porto Bonito,2026-02-13T20:00:16.364Z,,BasslineRequests
spotify:track:6Tl1OGHOJtGDwL0zGMYmgc,TesseracT,Of Matter - P O R T A L S,2026-02-03T00:01:54.432Z,,BasslineRequests
spotify:track:6TyCyldftxRxuWeXlIAA4F,Mr. Bill,Corot-7b,2026-02-07T22:12:45.376Z,spotify:playlist:3UqoL2pn0nLAdDp9KiLsuh,AddedToPlaylist
spotify:track:6U6arJe3nfBpl0UiVg1T70,Kublai Khan TX,Supreme Ruler,2026-03-03T16:22:05.587Z,spotify:playlist:7DOUp4LwMVEqpnPOF3oeRC,AddedToPlaylist
spotify:track:6UQ26Pjdx5vWBJfG7csg4u,Adrian Younge,O Som do Amor,2025-12-31T02:29:45.432Z,,BasslineRequests
spotify:track:6UiuniiysH30m6BJFliU0l,Lymbyc Systym,Notations,2026-02-02T23:21:06.767Z,,BasslineRequests
spotify:track:6Vl0d64kN481KV8VkZ6xWN,Clam Pass,Radiance Pink Noise,2026-02-02T23:21:00.871Z,,BasslineRequests
spotify:track:6Xom58OOXk2SoU711L2IXO,Bad Bunny,Moscow Mule,2026-02-11T04:01:19.258Z,,BasslineRequests
spotify:track:6XqBNBCqLypx0rubKLtkcC,João Bosco,A Nível De...,2026-01-12T05:37:28.266Z,,BasslineRequests
spotify:track:6YPi691V53Wi7vsgKn7NF1,Between The Buried And Me,Foam Born (A) The Backtrack,2026-02-26T15:59:07.991Z,,AudioResolve
spotify:track:6ZXyNjjWkVaehH0otfMCTR,"Ane Brun, Linnea Olsson",Halo,2026-02-07T18:36:03.595Z,,BasslineRequests
spotify:track:6aF5JtQSrh7wNrkDE9B0My,Powerman 5000,When Worlds Collide,2026-03-03T16:22:05.587Z,spotify:playlist:7DOUp4LwMVEqpnPOF3oeRC,AddedToPlaylist
spotify:track:6bkuvfNZco0b8DXpnc8nq0,Eurotripp,Where's Your Head At,2026-03-03T16:22:05.587Z,spotify:playlist:7DOUp4LwMVEqpnPOF3oeRC,AddedToPlaylist
spotify:track:6cYvO0ZwYTQxmWzHYuRxGv,Dreamstatician,Dreamiest Pink Noise,2026-02-02T23:21:00.864Z,,BasslineRequests
spotify:track:6ce5ozgjHE0JoYlIpk4WYN,"Fabiano do Nascimento, Airto Moreira, Kana Shimanuki",Minha Ciranda,2026-01-12T06:08:36.245Z,,BasslineRequests
spotify:track:6cofOcVh37qyVEuBBVd6Wi,The M Machine,The Warehouse,2026-01-13T23:40:45.010Z,,AudioResolve
spotify:track:6dwfRVwzwBz7LnV6jINFhQ,This Will Destroy You,Allegiance,2026-02-02T23:21:06.729Z,,BasslineRequests
spotify:track:6ekfFY1c61AVIYn8mD6cHN,Tiger Stories,A Mirror in Every Drawer,2026-01-06T17:42:22.714Z,,BasslineRequests
spotify:track:6fIvBjBjMVYMsWRkh2VG3m,Thee Sacred Souls,Overflowing,2026-03-21T01:38:17.152Z,,BasslineRequests
spotify:track:6g3dqNLA9IOfs7J6i06838,Mogwai,Katrien,2026-03-03T22:26:01.588Z,,BasslineRequests
spotify:track:6g6W6wlkjjmmcZJL9pPAed,TEK.LUN,shush - stripped version,2026-03-21T23:42:04.663Z,spotify:playlist:7HRSsuGlxMuQjKPps1iOXv,AddedToPlaylist
spotify:track:6gClLrn292IEuNA8fbSM21,Karma Fields,its_OK,2026-02-07T22:12:45.376Z,spotify:playlist:3UqoL2pn0nLAdDp9KiLsuh,AddedToPlaylist
spotify:track:6gXVhs11etys1uHIyZQISG,"Pedestrian Tactics, Luminyst",Traditional Computer Solo,2026-01-05T22:01:04.928Z,,BasslineRequests
spotify:track:6ggJ6MceyHGWtUg1KLp3M1,Massive Attack,Risingson,2026-02-23T21:04:28.474Z,,BasslineRequests
spotify:track:6h6runZeeczWEuEW2pFvYW,Austin Farwell,New Home (Slowed),2026-03-05T06:21:54.213Z,,BasslineRequests
spotify:track:6hNksPJQJRzGycBv1xvdEi,iavú,Abundant,2026-03-26T21:42:28.770Z,,BasslineRequests
spotify:track:6haHIyPMUnVCZn6pHpyzM8,Avenged Sevenfold,"Not Ready to Die - From ""Call of the Dead""",2026-02-04T17:15:26.766Z,,BasslineRequests
spotify:track:6ie2Bw3xLj2JcGowOlcMhb,Lorde,Green Light,2026-02-21T08:25:28.134Z,,AudioResolve
spotify:track:6jHLPjF6S3U6jskp1oaNvl,This Will Destroy You,Their Celebrations,2026-02-01T23:54:34.970Z,,BasslineRequests
spotify:track:6jUOskhzSVWe6rKalmVd7Y,Ivy Lab,NASDAQ,2026-03-21T23:42:04.663Z,spotify:playlist:7HRSsuGlxMuQjKPps1iOXv,AddedToPlaylist
spotify:track:6kYaRxSqEUgKNU59jn7QCq,Crystal Slowdown,Pink Noise Syllabus,2026-02-02T23:21:00.871Z,,BasslineRequests
spotify:track:6lt4fl1lXAEbCI7bUA56qG,"Pedro Mizutani, Skinshape",Chorar Na Beira Do Mar,2026-01-12T05:02:57.063Z,,BasslineRequests
spotify:track:6lx1n63qJmhzPpirxxksbI,The Zombies,Time of the Season - Mono Remastered,2026-03-05T23:52:17.309Z,,BasslineRequests
spotify:track:6mF02EadTDbzTKW4I9mx4U,This Will Destroy You,Freedom Blade,2026-02-02T23:21:06.767Z,,BasslineRequests
spotify:track:6mFkJmJqdDVQ1REhVfGgd1,Pink Floyd,Wish You Were Here,2026-02-01T22:23:53.840Z,,BasslineRequests
spotify:track:6nUbqnk5OIftan8BVx7sDt,Aunt Cynthia's Cabin,Misty Woman,2026-03-07T19:51:49.716Z,,BasslineRequests
spotify:track:6nmDEbjMZru5j55HIkX2yZ,Deftones,Diamond Eyes,2026-01-02T20:16:10.324Z,,BasslineRequests
spotify:track:6oeNF7ufnpxbxlt75jgwGU,"Mr. Bill, Of The Trees",Pish Posh,2026-02-07T22:12:45.376Z,spotify:playlist:3UqoL2pn0nLAdDp9KiLsuh,AddedToPlaylist
spotify:track:6p5QJBr5iE2xvHatGebTbR,Rosinha De Valença,Asa Branca,2026-01-12T04:06:25.030Z,,AudioResolve
spotify:track:6p6udwm1g7A4yqJTK5ISf5,messwave,war in my head,2026-03-21T23:42:04.663Z,spotify:playlist:7HRSsuGlxMuQjKPps1iOXv,AddedToPlaylist
spotify:track:6p7QJWOYCtrOxU30RwoaC1,Of The Trees,6AM,2026-02-07T22:12:45.376Z,spotify:playlist:3UqoL2pn0nLAdDp9KiLsuh,AddedToPlaylist
spotify:track:6p9DdpEursYnKvSuJnhBP6,Rufus Odobata,Not Alone,2026-03-26T21:42:28.811Z,,BasslineRequests
spotify:track:6pFr2LQhkK3vwJ7WeQdwea,Rellendum,Recumbent,2026-03-26T21:42:28.770Z,,BasslineRequests
spotify:track:6pomNHBH6owPM4RIGhP2Ly,"Nyron Higor, Nathalia Grilo",Maravilhamento,2026-01-11T05:58:02.373Z,,BasslineRequests
spotify:track:6qwFuoKqoDI1lOifvEVrPP,"A Tribe Called Quest, Large Professor",Keep It Rollin' (feat. Large Professor),2026-02-21T08:34:05.448Z,,BasslineRequests
spotify:track:6rqINM8rqqvjHrekRP8Hi1,Mogwai,Yes! I Am a Long Way from Home,2026-03-03T14:16:08.903Z,,AudioResolve
spotify:track:6rx6Ew1sday1KvsnD4HNdI,Beck,Tropicalia,2026-01-31T06:33:42.125Z,,AudioResolve
spotify:track:6sKxXqDGkKROr3Z3Na32nv,"Edward Maya, Vika Jigulina",Stereo Love (Radio Edit),2026-01-01T06:02:00.580Z,,BasslineRequests
spotify:track:6swozrqHhagXLafbMLCHKJ,The Stillframe,Continuum,2026-03-26T21:42:28.770Z,,BasslineRequests
spotify:track:6ug6KkKYPHPJWkjkVmQpUE,Nyron Higor,Ciranda,2026-01-11T05:42:38.911Z,,AudioResolve
spotify:track:6vDM1b9YrFwQoas9RKnJba,"Mr. Bill, Funi",Screening,2026-02-08T03:19:03.192Z,,BasslineRequests
spotify:track:6vYHXQQ1fkJLXVsZ8TCUAj,EXOA,Hot Pink Noise,2026-01-31T04:00:57.742Z,,BasslineRequests
spotify:track:6viRE5YBLvIGLaQ2fk08f4,Seraphine,Stillness,2026-03-26T21:42:28.897Z,,BasslineRequests
spotify:track:6vsAUwTrWaqLMmwirTiu3P,TesseracT,Tourniquet - P O R T A L S,2026-02-03T00:01:55.155Z,,BasslineRequests
spotify:track:6wlxtZGLYTHEuXFHIAu1qf,Mellow Dreamer,Always Returning,2026-03-26T21:42:28.811Z,,BasslineRequests
spotify:track:6xrp9YkuP4F3iuyZaciG2C,TesseracT,Nocturne - P O R T A L S,2026-02-03T00:01:55.155Z,,BasslineRequests
spotify:track:6y8wzT1tutKxp0R7VjkBem,Aaron Parks,Anywhere Together,2025-12-31T19:17:25.049Z,,BasslineRequests
spotify:track:6zKF4293k44ItKWJJgrhXv,Killswitch Engage,My Curse,2026-03-03T16:22:05.587Z,spotify:playlist:7DOUp4LwMVEqpnPOF3oeRC,AddedToPlaylist
spotify:track:6zldvnVMC25b4uliSKO9Lz,Chris Lorenzo,Appetite,2026-03-22T19:01:20.575Z,,BasslineRequests
spotify:track:70L6nHORQsblY813yNqUR3,Deftones,Cherry Waves,2026-01-02T19:41:05.492Z,,BasslineRequests
spotify:track:71CXzHYYOyNqgtVFpNdeCS,Lobo,I'd Love You to Want Me,2026-03-08T08:13:25.761Z,,BasslineRequests
spotify:track:71OXVpQToHCrCEUs1bmZuc,Xella Machina,Focus Pink Noise Time,2026-02-02T23:21:00.864Z,,BasslineRequests
spotify:track:71rj22EzkPHSF0JNhSMHZO,Dream Fuzz,Glittering Pink Noise,2026-02-01T22:19:27.647Z,,BasslineRequests
spotify:track:721qZrVIoHu1BggBmy7fd5,Russian Circles,309,2026-03-11T17:35:07.362Z,,BasslineRequests
spotify:track:725NSbIej5lP3GfhLC7So3,"Elena Siegman, Kevin Sherwood",115,2026-03-03T16:22:05.587Z,spotify:playlist:7DOUp4LwMVEqpnPOF3oeRC,AddedToPlaylist
spotify:track:72PXvumKV3t0Eip3D8vkM4,Celestelle,Stardust Memories,2026-03-26T21:42:28.811Z,,BasslineRequests
spotify:track:74RQQSGzxODrh57UH2jykM,sumthin sumthin,Trauma,2026-02-08T03:50:42.116Z,,BasslineRequests
spotify:track:75i02EsYnReen4LuRF7EC5,"Saturna, CØNTRA, Mfinity",What I Can Do - Mfinity Remix,2026-02-08T03:58:24.188Z,,BasslineRequests
spotify:track:75vulmwax54bhEF3qSfV0X,Russian Circles,Conduit,2026-03-16T22:14:46.976Z,,BasslineRequests
spotify:track:76JhicgPtW4zbN72tpnMyA,Slowdive,Souvlaki Space Station,2026-01-28T03:32:53.912Z,,AudioResolve
spotify:track:77670vf8Kf4j1jtxRNTSJk,Mord Fustang,PURRITO,2026-01-05T22:04:03.836Z,,BasslineRequests
spotify:track:78XFPcFYN8YFOHjtVwnPsl,Avenged Sevenfold,Unholy Confessions,2026-02-04T17:15:26.766Z,,BasslineRequests
spotify:track:78aKorfsSpBK3KRaLD1RPN,Jack Allenson,Faithful and True,2026-03-26T21:42:28.811Z,,BasslineRequests
spotify:track:7A6cVVpZuSHVtFDNQCy02o,Metric,Gimme Sympathy,2026-02-07T18:24:31.629Z,,BasslineRequests
spotify:track:7AalBKBoLDR4UmRYRJpdbj,Pink Floyd,Fearless,2026-03-05T23:52:09.583Z,,BasslineRequests
spotify:track:7B6Y9cLgQXOKF5Bne8O3L5,Three Peels,Sparkling Pink Noise,2026-02-02T23:21:00.871Z,,BasslineRequests
spotify:track:7BKzn2sBaZ71mdL7bZbuB8,Pinkfreq,Pink Elephant Noise,2026-02-02T23:21:00.864Z,,BasslineRequests
spotify:track:7BMTdqTc7vW0Kvo2h9Yhzq,Joudinoire,Léthargie,2026-01-07T19:04:50.297Z,,BasslineRequests
spotify:track:7BQfABBXoRGXnK8D7Lgu6G,Exodar,Lunar Pink Noise,2026-01-31T06:30:58.210Z,,BasslineRequests
spotify:track:7BWTOzUZe0w1X5xhCWUaNJ,Zendium,Pink Noise Dreamscape,2026-02-02T23:21:00.864Z,,BasslineRequests
spotify:track:7BnYUyLvwPuPCwA1XHmTgL,Nadia Bulic,Jesen,2026-01-08T17:03:26.942Z,,BasslineRequests
spotify:track:7C3pUbqrdRAfY4SZ2jUyU5,Transformator,Transcapes,2026-01-09T23:08:12.333Z,,BasslineRequests
spotify:track:7CAdycFxxvZqfSKNsdcVQB,Avenged Sevenfold,Girl I Know,2026-02-04T17:15:26.766Z,,BasslineRequests
spotify:track:7CTwpQadepTXW8u0eWLBG6,A. G. Cook,Residue,2026-02-07T22:12:45.376Z,spotify:playlist:3UqoL2pn0nLAdDp9KiLsuh,AddedToPlaylist
spotify:track:7CZiDzGVjUssMSOXrDNYHL,The Beatles,Ticket To Ride - Remastered 2009,2026-03-05T23:48:59.099Z,,BasslineRequests
spotify:track:7CdcnX9m1wI8sIlQGLd0Un,Of The Trees,The Owl Song,2026-02-08T03:33:28.112Z,,BasslineRequests
spotify:track:7CoiOXsrfI58wUZBt45HgL,Spiritbox,Perfect Soul,2026-02-03T04:09:35.904Z,,BasslineRequests
spotify:track:7CpbhqKUedOIrcvc94p60Y,Drowning Pool,Bodies,2026-03-03T16:22:05.587Z,spotify:playlist:7DOUp4LwMVEqpnPOF3oeRC,AddedToPlaylist
spotify:track:7D6xhab9nRmW595UhjVjI0,Alex Slumber,Fuchsia Pink Noise,2026-02-02T23:21:00.864Z,,BasslineRequests
spotify:track:7DAqYWASez8BkiSiwW5jvb,The Egyptian Lover,Everything She Wants,2026-03-21T23:42:04.663Z,spotify:playlist:7HRSsuGlxMuQjKPps1iOXv,AddedToPlaylist
spotify:track:7DBIa73BtrN28a9eh1NeB2,Megan Wofford,Where Light Waits,2026-03-26T21:42:28.770Z,,BasslineRequests
spotify:track:7Exe0mVrJblSNEiRuBI96A,ODESZA,Always This Late - Instrumental,2026-03-14T01:02:25.550Z,,BasslineRequests
spotify:track:7FyLj2mT2bIRhx0zvHaGRj,This Will Destroy You,Happiness: We're All in It Together,2026-02-02T23:24:42.970Z,,BasslineRequests
spotify:track:7GWgKKHR1Cv0U0ItiioxI7,"Bob Moses, Kasablanca",Afterglow (Kasblanca VIP Remix),2026-03-22T18:57:08.389Z,,AudioResolve
spotify:track:7HKRWMTErKh56EIBeFcmdf,Avenged Sevenfold,Seize the Day,2026-02-04T17:15:26.766Z,,BasslineRequests
spotify:track:7Hr1Ignop7cymbE3FbOtXa,Avenged Sevenfold,So Far Away,2026-02-04T17:15:26.766Z,,BasslineRequests
spotify:track:7IPUstAGVn0zZLwOHjHGsD,Starcadian,Trapped in America,2025-12-31T21:07:44.374Z,,BasslineRequests
spotify:track:7IoK6jZBxY7NMoQPoPXZCF,Deftones,Passenger,2026-01-02T22:59:46.969Z,,BasslineRequests
spotify:track:7JfI9oyhjY3QhUVNcqz6kL,Of The Trees,Tanglewood,2026-02-08T03:10:37.843Z,,BasslineRequests
spotify:track:7KDuavfltk861z14QiGwCJ,Enormousness,Echothane,2026-03-26T21:42:28.770Z,,BasslineRequests
spotify:track:7LiuJKn4UKg5Gn2UKGSOep,Soundgarden,Spoonman,2026-01-03T22:53:10.343Z,,BasslineRequests
spotify:track:7MOQrtXMNImAq5TrPZzC0w,Avenged Sevenfold,Gunslinger,2026-02-04T17:15:26.766Z,,BasslineRequests
spotify:track:7amtYM2FuWSWBzlb40Y8OH,Infinitesimal,Cosmic Trinity,2026-01-08T22:08:33.753Z,,BasslineRequests
spotify:track:7btM3tsClpCfKhOXjRqrXe,Creach,Make It To Monday,2026-01-30T20:42:44.992Z,,AudioResolve
spotify:track:7cVQrA0cKvg3XN76aXgBjF,This Will Destroy You,There Are Some Remedies Worse Than the Disease,2026-02-01T23:09:57.223Z,,BasslineRequests
spotify:track:7clyJIrLkEbXUDwj1tC9zz,grandson,Blood // Water,2026-02-23T02:07:58.043Z,,AudioResolve
spotify:track:7cn4zW2qo6tiuTkssHfzDH,TesseracT,Cages - P O R T A L S,2026-02-03T00:01:55.155Z,,BasslineRequests
spotify:track:7d6yK8v8J484SWH5prIQiE,"Bad Bunny, Omar Courtz, Dei V",VeLDÁ,2026-03-23T02:50:29.031Z,,BasslineRequests
spotify:track:7eO8DoO8FZ3EzGQy8hm0v9,This Will Destroy You,"Killed the Lord, Left for the New World",2026-02-02T23:21:06.729Z,,BasslineRequests
spotify:track:7ehDkvNq1MV7VFPIferGXD,Russian Circles,Enter,2026-01-28T19:05:16.690Z,,BasslineRequests
spotify:track:7epyCKvpOaA5yrn7fTXGHV,Cochemea,Ancestros Futuros,2026-01-01T05:00:37.925Z,,BasslineRequests
spotify:track:7eqDI2aWeSxFarRnGu6QWe,This Will Destroy You,Rejected Football - Score,2026-02-02T23:21:06.729Z,,BasslineRequests
spotify:track:7ewT0nLFkMD8ONbRibePr9,Fall Out Boy,I Don't Care - Single Version,2026-01-02T06:07:01.056Z,,BasslineRequests
spotify:track:7f46DzJbwrJiANH9hOZF1s,Hypnotronica,Hypnotic Pink Calmness,2026-02-02T23:21:00.864Z,,BasslineRequests
spotify:track:7f82xwOkTnbDFn516JoOBq,Naibu,Achille,2026-01-23T21:34:57.151Z,,BasslineRequests
spotify:track:7fkWpK1YcIMtM7PdMawgfY,Flea,A Plea,2025-12-31T15:14:43.807Z,,BasslineRequests
spotify:track:7hFx498UBDaX0RafWpscWd,"Pedro Mizutani, Skinshape",Sozin,2026-01-11T22:24:02.267Z,,BasslineRequests
spotify:track:7iMQChXFK33TS49QWhE4tt,Gojira,The art of dying,2026-01-16T03:05:08.212Z,,BasslineRequests
spotify:track:7iiULg8Kmbnh1vWbh9rnBA,Deftones,Lotion,2026-01-02T21:37:30.551Z,,BasslineRequests
spotify:track:7jOM0KIKgIppqIEvEjixaj,"Air, Beth Hirsch",All I Need (feat. Beth Hirsch),2026-01-29T16:09:05.352Z,,BasslineRequests
spotify:track:7jlv9EFXU3Hn1nsqjBe3nC,Quiet Tones,Eastern Sun,2026-03-26T21:42:28.770Z,,BasslineRequests
spotify:track:7lsPxv6DTrbjH65tWShmoe,Quiescent State,Reflectivum,2026-01-06T17:49:31.159Z,,BasslineRequests
spotify:track:7m36VnI4RGRMUMVCllZnfl,TesseracT,Seven Names - P O R T A L S,2026-02-03T00:01:55.155Z,,BasslineRequests
spotify:track:7n06LwPmPzMJQswO0tagAu,Mono/Poly,5.23.19,2026-03-21T23:42:04.663Z,spotify:playlist:7HRSsuGlxMuQjKPps1iOXv,AddedToPlaylist
spotify:track:7nKmO2dn10dxOvIvuYgkks,"Player Dave, FLY",Boundless Perception,2026-02-07T22:12:45.376Z,spotify:playlist:3UqoL2pn0nLAdDp9KiLsuh,AddedToPlaylist
spotify:track:7nUEIbsjYDQHgizLAosWCr,ZISO,Rage Money Power,2026-02-07T22:12:45.376Z,spotify:playlist:3UqoL2pn0nLAdDp9KiLsuh,AddedToPlaylist
spotify:track:7nV2HPhYAWLBtJ2JCUyYfx,Everlasting Theta,Singularity,2026-03-26T21:42:28.770Z,,BasslineRequests
spotify:track:7o1PechXaS4bG7FPJlNA5m,Bruno Berle,O Nome Do Meu Amor,2026-01-13T08:09:07.788Z,,AudioResolve
spotify:track:7o2AeQZzfCERsRmOM86EcB,Aphex Twin,Xtal,2026-02-08T03:42:24.154Z,,BasslineRequests
spotify:track:7ov7MmCvTeQsHyDscGKTKD,Cosmazul,To Unwind,2026-01-07T03:21:21.282Z,,BasslineRequests
spotify:track:7pS3O75hJnthHr64tlpqPn,Avenged Sevenfold,Danger Line,2026-02-04T17:15:26.766Z,,BasslineRequests
spotify:track:7qOBKhD1a54OvLvVee2tGf,Geese,Cobra,2026-01-30T04:08:59.109Z,,AudioResolve
spotify:track:7qwn6Pgj4wsxLfvXYELGsF,Blood Cultures,Best for You,2026-01-11T17:44:25.459Z,,BasslineRequests
spotify:track:7qzEk069ZJct9qjiWGTGbD,Bloodywood,Nu Delhi,2026-03-03T16:22:05.587Z,spotify:playlist:7DOUp4LwMVEqpnPOF3oeRC,AddedToPlaylist
spotify:track:7r9fxdoiSOLeFdXbaWzUSO,Owen Hill,Samsara,2026-03-26T21:42:28.811Z,,BasslineRequests
spotify:track:7rQej4Y4NOXPxJ5yXpJ0PU,Russian Circles,Afrika,2026-03-13T02:12:51.063Z,,BasslineRequests
spotify:track:7rWNaTjwwrcvkiyTa4Hs7R,Luiz Henrique,O Morro / Samba Do Orfeu,2026-01-12T16:37:17.396Z,,BasslineRequests
spotify:track:7s195d7fCSpbn7uNndfDFb,Ana Mazzotti,Feel Like Making Love,2026-01-12T19:05:02.840Z,,BasslineRequests
spotify:track:7sXSEP4lp43cHnrSV95RLs,Russian Circles,Tupilak,2026-03-13T00:41:57.493Z,,BasslineRequests
spotify:track:7thSqikznjE75pVMtTO1xh,This Will Destroy You,Clubs,2026-02-02T23:21:06.729Z,,BasslineRequests
spotify:track:7upt1P2WDPNGV2tW0CawVC,Yarin Primak,Ride or Die,2026-03-21T23:42:04.663Z,spotify:playlist:7HRSsuGlxMuQjKPps1iOXv,AddedToPlaylist
spotify:track:7uv632EkfwYhXoqf8rhYrg,"Massive Attack, Horace Andy",Angel,2026-02-21T08:22:39.405Z,,BasslineRequests
spotify:track:7ve4t26kg7K1ww33V4C8LE,Russian Circles,Deficit - Live,2026-03-11T17:45:28.699Z,,BasslineRequests
spotify:track:7vfUhnW7qDtkFId4GJnvtA,Deftones,Mein,2026-01-09T17:54:36.276Z,,BasslineRequests
spotify:track:7w10RDgwQqx0PSuNdOcTYK,Nine Inch Nails,03 Ghosts I,2026-01-01T00:10:12.685Z,,BasslineRequests
spotify:track:7w5AOd6HrDIHewHfpABEss,Chris Isaak,Wicked Game,2026-01-29T15:51:26.228Z,,AudioResolve
spotify:track:7w6AeU43e5wSvFpB3BXIYO,Joseph Alphane,Heiwa,2026-03-26T21:42:28.811Z,,BasslineRequests
spotify:track:7wXPymdFwPwxd6pwt267Tx,King Missile,Detachable Penis,2026-02-06T06:54:05.611Z,,AudioResolve
spotify:track:7xcTzEFNkkfO5a60T93tdk,ZOID LAND,midnight sun (ramzoid x hal walker),2026-03-21T23:42:04.663Z,spotify:playlist:7HRSsuGlxMuQjKPps1iOXv,AddedToPlaylist
spotify:track:7xifzp3yYwKS9vr3hErSwX,"Dom Salvador, Adrian Younge, Ali Shaheed Muhammad",As Estaçōes,2025-12-31T03:12:43.763Z,,BasslineRequests
spotify:track:7z7PeijP5wMkEWHvTrWKer,Metric,Empty (Dirt Road),2026-03-22T21:16:12.332Z,,AudioResolve
spotify:track:7zAt4tdL44D3VuzsvM0N8n,Avenged Sevenfold,Afterlife,2026-02-04T17:15:26.766Z,,BasslineRequests
