added_at,track_name,artist,all_artists,album,album_release_date,duration_ms,popularity,explicit,track_id,album_id,artist_id
2026-04-09T03:22:20Z,Prelude For All Seekers,Tigran Hamasyan,Tigran Hamasyan,Manifeste,2026-02-06,269512,,False,1K9sehA1QUYO5RfbGIRTCP,5DksO6hOezz6mTfYOctZ6f,0D3h8NZqNp7BN97JwtV6eW
2026-04-09T01:23:56Z,War Time Poem,Tigran Hamasyan,Tigran Hamasyan,Manifeste,2026-02-06,227178,,False,1YypZlIUcwdkUoX8b5Jx4T,5DksO6hOezz6mTfYOctZ6f,0D3h8NZqNp7BN97JwtV6eW
2026-04-08T21:09:56Z,Thinkin Bout You,Flea,Flea,Honora,2026-03-27,250493,,False,4lXjz5k4Rij3LTj6O0mgOO,4RsSlnwkUAvEtg0Tk86HnM,0Xl5J6iOgiQHFqgri7TF8j
2026-04-08T20:32:37Z,Free As I Want to Be,Flea,Flea,Honora,2026-03-27,313773,,False,5I4qUAmzixA1Nnw4K6OYlO,4RsSlnwkUAvEtg0Tk86HnM,0Xl5J6iOgiQHFqgri7TF8j
2026-04-08T20:32:32Z,Does Anyone Hear Like Venom?,sunn O))),sunn O))),sunn O))),2026-04-03,452977,,False,4Me1bg4wAsxhi1YWxSa8oC,1grbT4stwprQnmPMxshbbI,2e7hYqRjL82c1nIoREHc4J
2026-04-08T20:32:28Z,Welcome To Voltus,HENGE,HENGE,Journey to Voltus B,2025-01-31,334960,,False,0kTITl59lp4vgZONiQbscP,4EyOqCekFh9eo81mgeXMgH,5R09pajxQjiwdUH6Fw4yM5
2026-04-07T23:13:36Z,Maggot Brain,Flea,Flea,Honora,2026-03-27,292493,,False,3poJZBl2yoeWbMMxX63YcE,4RsSlnwkUAvEtg0Tk86HnM,0Xl5J6iOgiQHFqgri7TF8j
2026-04-07T22:48:33Z,Willow Weep for Me,Flea,Flea,Honora,2026-03-27,233346,,False,6bb0E3IsSmKMF0b5Tv9ssW,4RsSlnwkUAvEtg0Tk86HnM,0Xl5J6iOgiQHFqgri7TF8j
2026-04-07T21:48:09Z,Yor Zarad,Angine de Poitrine,Angine de Poitrine,Vol.II,2026-04-03,389529,,False,0THaoqWjE4cyOMZALznzq9,3FqqIeynZXFBcyLS9FlWMo,13NmOYYfvONNZ9mn2qn8P2
2026-04-07T21:48:08Z,Mata Zyklek,Angine de Poitrine,Angine de Poitrine,Vol.II,2026-04-03,369863,,False,0gOaJ646z6OJv4lLDpjfDt,3FqqIeynZXFBcyLS9FlWMo,13NmOYYfvONNZ9mn2qn8P2
2026-04-07T21:48:06Z,Fabienk,Angine de Poitrine,Angine de Poitrine,Vol.II,2026-04-03,391268,,False,1KVkzkmFBx4A8bCma6ruKA,3FqqIeynZXFBcyLS9FlWMo,13NmOYYfvONNZ9mn2qn8P2
2026-04-04T23:36:13Z,The Inteview,Artifacts,Artifacts,That's Them,1997-01-01,219840,,True,6bTyduM97Iq8GcbmsatKiJ,4YopL54p0NX2oftB5GF8bo,4hz8ohK9ESaFbJBAXvWJGL
2026-04-04T23:35:37Z,Keep It On,The Nonce,The Nonce,World Ultimate (Deluxe Edition),2017-12-10,253506,,True,1BJtj3I9YWRd3Oq9kBVyFj,0ltg2xUycVh8XFKZXvX9mk,6All8Pwid512Vdrwfu38Ol
2026-04-04T22:39:41Z,Beyond Real - Remix,Jigmastas,Jigmastas,Grassroots - The Prologue - Deluxe Edition,2015-09-14,229702,,True,5ksRub3vtilRmY3CQvucqC,1ucXfmZmic2YHYMlhnIhxb,7z52HB2osIQNcgAni23TdH
2026-04-04T22:39:36Z,I'm Kurious,Kurious,Kurious,A Constipated Monkey,1994-01-18,234826,,True,0cseWWMHpjB9Y9Wg02LLr9,7f0DNTh9vvztmYzynitKdV,2eDE3plOEiudDd9q1Ev3IQ
2026-04-04T22:39:27Z,Let Off A Couple,The Beatnuts,The Beatnuts,Street Level,1994-11-01,102986,,True,3c9dRPb6IlTe3oX95h9vYR,1n2buVQqk1PzvR3YsCZdmn,5ynvmGwc83ZoRx2EIWHXLX
2026-04-04T22:39:22Z,Just Another Case,Cru,Cru,Da Dirty 30,1997-01-01,215640,,True,60KWmDnLE9jB9dHVkhlu3P,38qjFxaMcaV2ldcjFAxsus,5ABjqwkg5LEPICnTeoeXKf
2026-04-04T22:39:17Z,What I'm After,Lords Of The Underground,Lords Of The Underground,What I'm After,2001-06-02,260400,,True,3jlUMYwPBzVUBqfhcScVDX,2yvZSUmwIfUYtJ24sMvK6o,17Q9sCBpIyS6yM2YyaI6R4
2026-04-04T22:38:38Z,Whayback,Artifacts,Artifacts,Between A Rock And A Hard Place,1994-10-25,287866,,True,2YKkQHCU8K2m8IB368k2xJ,0x4ZQDTaX3vyqP8ZCd4BcE,4hz8ohK9ESaFbJBAXvWJGL
2026-04-03T04:00:45Z,Flagpole Sitta,Harvey Danger,Harvey Danger,Where Have All The Merrymakers Gone?,1997-01-01,217266,,False,7cz70nyRXlCJOE85whEkgU,554gpRastI7dbOcir9eAkL,7fu6ebyL3JGXJgo5zsOo4k
2026-03-11T18:19:00Z,Geneva - Live,Russian Circles,Russian Circles,Live at Dunk! Fest,2017-04-07,350994,,False,1ACsYcDFncj9N6hc2l2vE0,5NPJi8rtHZu5uQAKaLDCVf,0AZ3VR0YbFcS0Kgei7L2QF
2026-03-07T15:21:01Z,southbound,Artemas,Artemas,southbound / test drive,2025-03-19,137923,,True,4jiwz2tQZo21Z4NQwz4zUt,4Uh9XOh5hmX0Cw7JREc0AU,0PCCGZ0wGLizHt2KZ7hhA2
2026-03-05T20:21:46Z,Which One Is the Jellyfish?,Aunt Cynthia's Cabin,Aunt Cynthia's Cabin,Misty Woman,2020-02-07,264466,,False,13Ym4BnHYalKDX53zwo0b6,0VGbt5AcnePi65PdplNC2W,66kb7d5jDmTkMSs1XcOXTQ
2026-03-05T20:11:48Z,Magic Mountain,Hollow Ship,Hollow Ship,Future Remains,2020-04-03,212666,,False,1gExMyY0hcnLisq9OJRabP,0AZT0JAUcEJXQTfzB4MRIV,3bPcnmJ1Lk6fQlhxGV3Apx
2026-03-05T20:11:47Z,Sherpa,Angine de Poitrine,Angine de Poitrine,Vol.1,2024-06-09,343190,,False,55mW03rqsI9s3xUnuruF7G,67AYhGt60AoJa1TVcn5lCn,13NmOYYfvONNZ9mn2qn8P2
2026-03-05T00:38:49Z,Tamebsz,Angine de Poitrine,Angine de Poitrine,Vol.1,2024-06-09,476654,,False,04Ue04iTcYkmOBuJydnveM,67AYhGt60AoJa1TVcn5lCn,13NmOYYfvONNZ9mn2qn8P2
2026-02-26T16:14:17Z,G-U-I-L-L-O-T-I-N-E,HummusVacuum,HummusVacuum,G-U-I-L-L-O-T-I-N-E,2025-02-28,172757,,True,3tStOcFiywPGhxVu8zPrn2,7LoN66zxHqvGMiqSjLcJOi,2wSIgoUvKlJyVQmBK88PQO
2026-02-26T16:14:12Z,Scarcity,Gottlieb,Gottlieb,Dear Heroes,2021-08-10,197011,,True,0whF2nmheoecP6k1GxH5Ah,70LRvEhRqkvVrAk0IQOuqJ,0GKSxsjwvu4tH5D3Qxee7k
2026-02-25T02:51:10Z,Go,Moby,Moby,Moby,1992-07-27,217240,,False,0e8C9dPERvvARURkNOFrrC,1slROdhMf4S9kwLHGfMrSk,3OsRAKCvk37zwYcnzRf5XF
2026-02-25T02:50:59Z,Rushing,Moby,Moby,Play: The Complete Recordings,1999-05-17,180266,,False,0sVThvDiHEN2FXReG7wpBu,7qvYfamctvrBcAKk1JESCT,3OsRAKCvk37zwYcnzRf5XF
2026-02-23T01:25:54Z,Bitchin' Camaro,The Dead Milkmen,The Dead Milkmen,Big Lizard In My Backyard,1985-06-25,181066,,True,5I89rHeQpxFGVseikEgY12,6N8dOvnSvUMYQWBxC4uZeV,2fhngmJMaaKcdhXHCa4cPK
2026-02-22T21:03:59Z,I Do Coke,Kill The Noise,Kill The Noise; Feed Me,OCCULT CLASSIC,2015-10-09,226973,,True,3PvhJcV5xv7E1ImIfbRYeM,2xCNIURBZpbjPLoaxSRujw,3qnMl4DHT4gndzFAcG4FlM
2026-02-22T20:51:14Z,Doin' It Again,The Roots,The Roots,How I Got Over,2010-06-22,143640,,True,0lqJDuFQEPTbxVJyREf4DH,25sYZjutddzUpXNbeQ7bEC,78xUyw6FkVZrRAtziFdtdu
2026-02-22T11:54:58Z,Of Matter - P O R T A L S,TesseracT,TesseracT,PORTALS,2021-08-27,894459,,False,6Tl1OGHOJtGDwL0zGMYmgc,2hF7dY29EsfBvXe65PYPBd,23ytwhG1pzX6DIVWRWvW1r
2026-02-22T11:54:58Z,Aerials,Shadow Cliq,Shadow Cliq; Sarah de Warren,Aerials,2021-07-23,215000,,False,2shFsQSw0h1abkoK6zFF5w,43ru4YUjr38AF6ndLv0inb,3MwmjpfJvIoCarmc1eehbu
2026-02-22T07:23:54Z,Award Tour (feat. Trugoy The Dove),A Tribe Called Quest,A Tribe Called Quest; Trugoy The Dove,Midnight Marauders,1993-11-09,226440,,True,5YTM7OgQDt9EJAYcfHLniJ,4v5x3Oo3UjQ9YmF3hRAip5,09hVIj6vWgoCDtT03h8ZCa
2026-02-22T07:23:50Z,Oh My God (feat. Busta Rhymes),A Tribe Called Quest,A Tribe Called Quest; Busta Rhymes,Midnight Marauders,1993-11-09,208840,,False,6FI3RJ58Ztl0X1VtA6pVs9,4v5x3Oo3UjQ9YmF3hRAip5,09hVIj6vWgoCDtT03h8ZCa
2026-02-18T18:11:31Z,大展鴻圖(Blueprint Supreme),攬佬SKAI ISYOURGOD,攬佬SKAI ISYOURGOD; AR刘夫阳,八方來財(Stacks from All Sides),2024-08-20,212727,,False,0hEWvzkgbI301JZj947gFz,5vYWbmWrSSBskg28cRmcjg,4LUmhH4A1lvFljre6d00NI
2026-02-14T13:51:01Z,Ordinary Guy (2013 - Remaster),Joe Bataan,Joe Bataan,Afrofilipino,2013,289494,,False,4ULdCiw97rTaQ7yLfggLq5,1QCLzpRKI9Se9KHMth7q1O,7ME0heqob2B32S9ofWhOyU
2026-02-13T20:00:13Z,Me Porto Bonito,Bad Bunny,Bad Bunny; Chencho Corleone,Un Verano Sin Ti,2022-05-06,178567,,True,6Sq7ltF9Qa7SNFBsV5Cogx,3RQQmkQEvNCY4prGKE6oc5,4q3ewBCX7sLwd24euuV69X
2026-02-13T19:58:48Z,DtMF,Bad Bunny,Bad Bunny,DeBÍ TiRAR MáS FOToS,2025-01-05,237117,,True,3sK8wGT43QFpWrvNQsrQya,5K79FLRUCSysQnVESLcTdb,4q3ewBCX7sLwd24euuV69X
2026-02-13T19:58:43Z,Tití Me Preguntó,Bad Bunny,Bad Bunny,Un Verano Sin Ti,2022-05-06,243716,,True,1IHWl5LamUGEuP4ozKQSXZ,3RQQmkQEvNCY4prGKE6oc5,4q3ewBCX7sLwd24euuV69X
2026-02-11T04:05:19Z,Candela,Buena Vista Social Club,Buena Vista Social Club,Buena Vista Social Club,1997-06-23,329200,,False,1caT2YklnqZq35IcQ0oRLj,5qcOy8sMqROZ0VEfK8LJZt,11kBu957KTYoAltZHDm8gW
2026-02-11T03:57:47Z,LA MuDANZA,Bad Bunny,Bad Bunny,DeBÍ TiRAR MáS FOToS,2025-01-05,213010,,True,3G7agPwWfcORnWCAGMDOpm,5K79FLRUCSysQnVESLcTdb,4q3ewBCX7sLwd24euuV69X
2026-02-01T04:39:29Z,Assum Preto,Pássaro,Pássaro,Pássaro Encantado,2019-12-11,244021,,False,64qLjBGH5Ld0ICOOZQAW1n,7nVnyO7Z1erCWzaPz2HhlB,1gZOnfJzeHdmizwvHZ6UVt
2026-01-31T01:49:18Z,leavemealone,Fred again..,Fred again..; Baby Keem,USB,2025-12-12,222784,,True,6IOTukhTcumU9dtAk1OLLF,1Lhv9Fe2KRk0NW3I14HsVY,4oLeXFyACqeem2VImYeBFe
2026-01-31T01:49:02Z,Marea (we’ve lost dancing),Fred again..,Fred again..; The Blessed Madonna,Actual Life (April 14 - December 17 2020),2021-04-15,285375,,False,5Z8Dj3LtbyCMiwE86rhg2f,6o86bV7TAt5x4exc2qLDqC,4oLeXFyACqeem2VImYeBFe
2026-01-31T01:39:55Z,Make It To Monday,Creach,Creach,Make It To Monday,2025-11-07,170977,,False,7btM3tsClpCfKhOXjRqrXe,0g25zN7VDkpbqFkxdBFBnm,1rXzU8skEqngYPWZDWCRcH
2026-01-31T01:39:55Z,Victory Lap,Fred again..,Fred again..; Skepta; PlaqueBoyMax,Victory Lap,2025-06-18,165857,,True,1lbNgoJ5iMrMluCyhI4OQP,1wD2xMSjGRFSVX8zkFEuMo,4oLeXFyACqeem2VImYeBFe
2026-01-29T20:13:13Z,Lullaby - 2010 Remaster,The Cure,The Cure,Disintegration (Deluxe Edition),1989-05-02,249880,,False,4d4oXk7O2lEhZ83ivV93li,6vQB3ZBxnQPP3jQcGV2qzg,7bu3H8JO7d0UbMoVzbo70s
2026-01-29T16:02:29Z,Wicked Game,Chris Isaak,Chris Isaak,Heart Shaped World,1989-06-13,289066,,False,7w5AOd6HrDIHewHfpABEss,5Das42Qx4AoU9iT4M7PW3U,7290H8m1Dwt8G7jm1y9CQx
2026-01-26T01:33:42Z,Down Rodeo,Rage Against The Machine,Rage Against The Machine,Evil Empire,1996-04-16,320626,,True,40L8L7344pPMCjlZc19RQU,24E6rDvGDuYFjlGewp4ntF,2d0hyoQ5ynDBnkvAbJKORj
2026-01-12T22:03:40Z,Ascensión,Pure Colors,Pure Colors; Soul Food Horns,Dreaming In Four Dimensions,2022-07-15,202638,,False,35o92ikbXQApq9xBjLgbnV,5YU3RcCFC9zjsK4cmvxNIj,6pa33j3GieYhexuZGFA0ql
2026-01-12T07:17:01Z,Flor do Real,Sessa,Sessa,Grandeza,2019-06-04,214787,,False,6GwSTzPQnwMiWMkwTyN0tK,1wSpRh5lkxD1mDhU3QugMI,6ijeN3MhwnbRfo86gH5McZ
2026-01-12T06:49:29Z,Paraty,Mia Doi Todd,Mia Doi Todd,Cosmic Ocean Ship,2011-05-17,236853,,False,0ePmVXS0s51XzlJ0tlz1pF,3Fey0hRxMqSYorDbJgun8B,1r3efMZ0kcejkPKP8oQZzv
2026-01-12T06:40:49Z,Eloiá,Dudu Moraes,Dudu Moraes,"Mr Bongo Record Club, Vol. 7",2024-10-04,202268,,False,36EbK9TFhkL6e3W4tUORw8,5KJp1BsytQAHfeZz0mkIyR,22JtsfLtJrxghOQfKpFjWn
2026-01-12T06:37:45Z,Lonjura,Mário Rui Silva,Mário Rui Silva,Stories from Another Time 1982-1988,2021-06-25,203880,,False,4McQzaMrgt8AylDZHGQGVT,45Dae4AWDFySv05nMC3Rj5,5dD0y5gjrnWl06IX4hKYbC
2026-01-12T05:56:52Z,Que Bandeira,Evinha,Evinha,Cartão Postal,1971-01-05,149420,,False,2aQ8NyRJcsQFgb8jwUil90,7lskQR32sv0sV9zwkdRkKN,6cnJ8gP9R3JEh5mCCvOwz3
2026-01-12T05:42:28Z,Xica Da Silva,Jorge Ben Jor,Jorge Ben Jor,Africa Brasil,1976-01-01,242733,,False,6Hn9ZU7hZKAh1HsYMA26o8,0esHQqYklDPje00NUNq6py,5JYtpnUKxAzXfHEYpOeeit
2026-01-12T05:34:23Z,Existe Uma Voz,Rogê,Rogê,Curyman,2023-03-03,225826,,False,5bGMMNxjvlledmzq9dItvf,05NiQkAFwyas6XwckmzsJ8,2qLU3VUpp3uV2Oyf786FC3
2026-01-11T21:15:12Z,Wake Up,The Still Brothers,The Still Brothers; Marina B,Wake Up,2020-10-28,121083,,False,0FUfELSRqA1sjSAC7kLxfV,58DPbryQGlHcSRdY1VuuL2,26ewdqofiZwa7GkJuOLPS8
2026-01-11T20:58:48Z,Zum-Zum,Edu Lobo,Edu Lobo,Cantiga De Longe,1970-04-07,170666,,False,4ApvuCjlZNe3RoIFoBX29y,5S7lcrRerABwsWzHisYsxP,6u5P4S3NSj4EDNegDlOevO
2026-01-11T08:18:34Z,Amina,The Circling Sun,The Circling Sun,Orbits,2025-07-11,244173,,False,3wSlHCwo05i7KgIhiCioFJ,6jEQazZeVrCNhy55PIiojb,6U51RugDKVdqss9kCDx0dQ
2026-01-11T08:08:22Z,Canção da Cura,Sessa,Sessa,Estrela Acesa,2022-06-24,155907,,False,4f4zISn85uS9AZsvW5VZlH,73BfBnLSqUPWACTvdd9rU5,6ijeN3MhwnbRfo86gH5McZ
2026-01-11T07:33:40Z,Ponta de Faca,Sessa,Sessa,Estrela Acesa,2022-06-24,174115,,False,4gol2seczgmtlySCsdSsxa,73BfBnLSqUPWACTvdd9rU5,6ijeN3MhwnbRfo86gH5McZ
2026-01-11T07:30:46Z,CARICATURA,Nina Maia,Nina Maia,INTEIRA (Deluxe Edition),2025-08-22,203413,,False,5g3mcO2QY4smxW4KW3NcT2,3tYiJgVCqtKjTBWMFERGoz,1wiX27yg0NyiJYwftya0yy
2026-01-05T22:53:54Z,PURRITO,Mord Fustang,Mord Fustang,ANTHOLOGY: VOLUME 2,2024-12-12,213000,,False,77670vf8Kf4j1jtxRNTSJk,6LF44hPDlAsolaugbNTDeZ,34hwBP1esafQoCVtLz7F6K
2026-01-05T22:53:43Z,Permutate,Haywyre,Haywyre; Zeros,Two Fold Pt. 1,2014-03-31,244520,,False,56R9s9y7mWoHWxgFnRPX1i,5smTohvXEVF2iz3rj802eT,7aUSp5cOZlwEtd5zPC795k
2025-12-31T18:21:40Z,North London Pace,Blue Lab Beats,Blue Lab Beats,North London Pace,2025-11-07,204137,,False,361AnXfEJHmjvDpTlJ7VpB,479mcTmLjF8psjuJLRmh99,4YLUMAgNyttwx4hUHgtBtR
2025-12-31T17:08:06Z,It Stays With You,Snarky Puppy,Snarky Puppy; Metropole Orkest; Jules Buckley,Somni,2025-11-21,652858,,False,3XckH9nZTF2Y2gp6UoMotk,72Tr4gYIAko7djIwgfS4i1,7ENzCHnmJUr20nUjoZ0zZ1
2025-12-31T00:37:15Z,Not Sharing,Terrace Martin,Terrace Martin; Ogi,Albion Files,2025-02-28,253231,,False,3oGWXOsz8OUmdoL57OlWIL,6Kwh9JzeZqXtees3Y2h0FL,7MNEVabc4cs19CbzAFZmXz
2025-12-31T00:21:17Z,Gadabout Season,Brandee Younger,Brandee Younger,Gadabout Season,2025-06-13,285568,,False,5Z4YeqJLy2Ik0NYr0xlfh7,372tUB50Rip4brrZdUELBQ,1DT11FntvMnaU47ZZWlTpB
2025-12-31T00:13:49Z,Da Du Dah,Kokoroko,Kokoroko,Tuff Times Never Last,2025-07-11,228385,,False,0VcvKN17fqyvbznfwypjDB,7LsYc5gkR6w8VMOME78YmM,3u9rbdcmA6CxjxOAkjaeFr
2025-12-24T19:14:03Z,The Little Drummer Boy,Christopher Lee,Christopher Lee,A Heavy Metal Christmas,2012-12-13,271110,,False,3CA8Bx0aE8tuNYTy9OvVfW,3k7mUNhTAu4wtLe5lpUd2j,2anYzFDecFa10y1rfZH44b
2025-12-16T17:50:26Z,Deep,Peter Sandberg,Peter Sandberg,Motion,2019-03-01,269861,,False,7qt641kuazHzMIn4lbkns5,1gS96GdBcmp3BGrdHQLGrp,3LtlJprzuq0Ii8p8YFZXai
2025-12-10T18:42:10Z,Lambent Rag,Clark,Clark,Playground In A Lake,2021-03-26,204123,,False,3U8DW25FSajJzQXgApAJ0B,6r3sWdrXNAhqOgGlM5ZKNY,6kic5bCjlohhDn9KzXbOta
2025-12-09T23:44:36Z,The Girl Who Stole My Tamagotchi,Hot Sugar,Hot Sugar,Moon Money,2012-04-15,217500,,False,5aJph9adNgkyW6vFn66ils,5drJaRTDZUHwu8RYgExSmw,5doDInHCvRMOOapyaos2AE
2025-12-09T17:56:38Z,A Night In Tunisia,Dizzy Gillespie,Dizzy Gillespie,Birks Works: The Verve Big-Band Sessions,1995-08-22,334333,,False,5fxJzPPvuvdhHypgme9cVX,7yyH8DozyrWFMEAWhCV2oS,5RzjqfPS0Bu4bUMkyNNDpn
2025-12-09T17:55:10Z,Night in Tunisia,Jesus Molina,Jesus Molina; Sam Smith; Roni Kaspi,Departing,2020-06-05,216226,,False,54VBfy8Jmi9lIsbsdv5x4E,0qwe5VPmlFIDkXACdSWXw2,7Gl7yiOLDSRr1cZyPwpGv4
2025-12-09T17:53:18Z,Captain Marvel,Chick Corea,Chick Corea,Light As A Feather,1973-01-01,297933,,False,6VXWIXInuOLdrQBn0GTrLo,2b53ZhXIiCGr3rPTYkpVeF,5olDKSsFhhmwh8UCWwKtpq
2025-12-09T17:40:21Z,Spain,Chick Corea,Chick Corea; Return To Forever,Light As A Feather,1973-01-01,590866,,False,5RrJCusmR1J54b5ivqdWIu,2b53ZhXIiCGr3rPTYkpVeF,5olDKSsFhhmwh8UCWwKtpq
2025-12-09T03:14:41Z,Sugar,System Of A Down,System Of A Down,System Of A Down (Deluxe),1998-06-30,153800,,True,3TszbgtEGdsJE6vRnyFebO,1GIv3kOvMfS5xGh6hNs0kb,5eAWCfyUhZtHHtBdNk56l1
2025-12-09T02:54:03Z,Black,Pearl Jam,Pearl Jam,Ten,1991-08-27,342653,,False,5Xak5fmy089t0FYmh3VJiY,5B4PYA7wNN4WdEXdIJu58a,1w5Kfo2jwwIPruYS2UWh56
2025-12-08T17:50:01Z,Super Zodiac,The Comet Is Coming,The Comet Is Coming,Trust In The Lifeforce Of The Deep Mystery,2019-03-15,241680,,False,26qvxre8pKtLTatKPYAR8Q,2mvz0NPBCPTbSEgRViuDLK,0Z5FMozvx15nUSUA6a9kkU
2025-12-05T18:01:46Z,Voodoo People - Pendulum Mix,The Prodigy,The Prodigy; Pendulum,Voodoo People / Out of Space,2005-10-03,307813,,False,5wqlRFdpJ1a4kMIBSWeCnN,6U4ZmwVyOh7EAwIxXK2Ici,4k1ELeJKT1ISyDv8JivPpB
2025-12-05T01:23:18Z,Fists of Fury,Kamasi Washington,Kamasi Washington,Heaven and Earth,2018-06-22,583174,,False,186zi6pmNhtYzHBWUX5Opa,6f3h8jHeXY6I6qduBrK3eK,6HQYnRM4OzToCYPpVBInuU
2025-12-05T01:18:30Z,Clair de Lune,Kamasi Washington,Kamasi Washington,The Epic,2015-05-11,667733,,False,273VxALm722DRN4PNujOF8,2j2q2ySuVk43eHB8wI5XQj,6HQYnRM4OzToCYPpVBInuU
2025-12-05T00:27:11Z,A Plea,Flea,Flea,A Plea,2025-12-02,458053,,True,7fkWpK1YcIMtM7PdMawgfY,0eFgrTbT424fF4zLnhF6R5,0Xl5J6iOgiQHFqgri7TF8j
2025-12-04T18:05:02Z,"new york, i love you but you're bringing me down - live at madison square garden",LCD Soundsystem,LCD Soundsystem,the long goodbye (lcd soundsystem live at madison square garden),2014-04-19,594866,,False,6TQuiL5lY6mULveuvY1s7h,1J60iwLlrXqJokziB4h19U,066X20Nz7iquqkkCW6Jxy6
2025-12-03T22:03:50Z,tonite - Recorded at Electric Lady Studios NYC,LCD Soundsystem,LCD Soundsystem,Spotify Singles,2018-09-12,344666,,False,5hSTBY6xBkx60qPVseOKFX,75bOa6MJhVgz1uzcZBUNhf,066X20Nz7iquqkkCW6Jxy6
2025-11-29T01:17:10Z,Help I'm Alive,Metric,Metric,Fantasies,2009-05-02,286013,,False,0cahtHEywK64NSWqm2SDTi,1N2HeWMUjuAxYL7UnA63JH,1rCIEwPp5OnXW0ornlSsRl
2025-11-29T01:14:42Z,Bullet With Butterfly Wings - Remastered 2012,The Smashing Pumpkins,The Smashing Pumpkins,Mellon Collie And The Infinite Sadness (Deluxe Edition),1995,258466,,False,6GtX0jaNL8IjVQfrDBx81z,55RhFRyQFihIyGf61MgcfV,40Yq4vzPs9VNUrIBG5Jr2i
2025-11-29T01:11:49Z,In the Aeroplane Over the Sea,Neutral Milk Hotel,Neutral Milk Hotel,In the Aeroplane Over the Sea,1998-02-20,202346,,False,1NiAMp0CzUdG6e97VYRB1a,17q5eeNk3HAjX1gzQnkTX7,2ooIqOf4X2uz4mMptXCtie
2025-11-29T01:10:10Z,Between the Bars,Elliott Smith,Elliott Smith,Either/Or,1997-02-25,141200,,False,1JbUMtVkQuaAPdHOvncVTm,5bmpvyP7UGqB4VuXmrJUMy,2ApaG60P4r0yhBoDCGD8YG
2025-11-29T00:57:45Z,High and Dry,Radiohead,Radiohead,The Bends,1995-03-13,257480,,False,2a1iMaoWQ5MnvLFBDv4qkf,35UJLpClj5EDrhpNIi4DFg,4Z8W4fKeB5YxbusRsdQVPb
2025-11-29T00:57:37Z,Sour Times,Portishead,Portishead,Dummy,1994-01-01,252266,,False,6vTtCOimcPs5H1Jr9d0Aep,3539EbNgIdEDGBKkUf4wno,6liAMWkVf5LH7YR9yfFy1Y
2025-11-29T00:55:30Z,Fade Into You,Mazzy Star,Mazzy Star,So Tonight That I Might See,1993-10-05,295600,,False,1LzNfuep1bnAUR9skqdHCK,5K18gTgac0q6Jma5HkV1vA,37w38cCSGgKLdayTRjna4W
2025-11-29T00:55:10Z,Soul Meets Body,Death Cab for Cutie,Death Cab for Cutie,Plans,2005-08-29,229413,,False,5yc59J3MR3tVDPTOgwgRI5,1NFGnxmeIEBakre4DvLaJq,0YrtvWJMgSdVrk3SfNjTbx
2025-11-29T00:51:50Z,3 Libras,A Perfect Circle,A Perfect Circle,Mer De Noms,2000-01-01,219640,,False,5kHkaBN8OEQlmXfQkACxSt,0GeWd0yUKXHbCXVag1mJvO,4DFhHyjvGYa9wxdHUjtDkc
2025-11-29T00:47:27Z,Float On,Modest Mouse,Modest Mouse,Good News For People Who Love Bad News,2004-04-05,208466,,False,2lwwrWVKdf3LR9lbbhnr6R,0TGTGuc2vXv6ZECoAf52N0,1yAwtBaoHLEDWAnWR87hBT
2025-11-29T00:43:18Z,"Tonight, Tonight",The Smashing Pumpkins,The Smashing Pumpkins,(Rotten Apples) The Smashing Pumpkins Greatest Hits,2001-01-01,255600,,False,5kguToT39QaxxYEuPwFkp6,1cUnNrx2TxvrpwPRtvpGwn,40Yq4vzPs9VNUrIBG5Jr2i
2025-11-26T07:00:29Z,Blood Of The Past,The Comet Is Coming,The Comet Is Coming; Kae Tempest,Trust In The Lifeforce Of The Deep Mystery,2019-03-15,495400,,False,1st2ldrAppYwbJmbXucFhD,2mvz0NPBCPTbSEgRViuDLK,0Z5FMozvx15nUSUA6a9kkU
2025-11-24T22:09:03Z,Apocalypse,Cigarettes After Sex,Cigarettes After Sex,Cigarettes After Sex,2017-06-09,290146,,False,1oAwsWBovWRIp7qLMGPIet,5chTLnnxlxQVAgEv6YbEBe,1QAJqy2dA3ihHBFIHRphZj
2025-11-24T21:01:52Z,Let's Dance - 2018 Remaster,David Bowie,David Bowie,Let's Dance (2018 Remaster),1983-04-14,457675,,False,3ix6K4wZY29bCujrSznwFZ,4NwG11AsDJluT732lSjMrV,0oSGxfWSnnOXhD2fKuz2Gy
2025-11-24T19:01:16Z,Wi$h Li$t,Taylor Swift,Taylor Swift,The Life of a Showgirl,2025-10-03,207349,,True,2TEQvxxQabwLQMqWMg1qGu,4a6NzYL1YHRUgx9e3YZI6I,06HL4z0CvFAxyc27GXpf02
2025-11-24T19:01:13Z,Gymnopédie No. 1,Erik Satie,Erik Satie; Philippe Entremont,Entremont Plays Satie,1981,205866,,False,5OPT7l9b5SMwfTQgLPoNl7,2Kye14Lc1A3aBrf4GxfwAf,459INk8vcC0ebEef82WjIK
2025-11-24T18:12:33Z,Small Memory,Jon Hopkins,Jon Hopkins,Insides,2009,100946,,False,78kPi2sLwSmILgJXz7wQxg,124tr6mYSuv4yCQUKfyKTF,7yxi31szvlbwvKq9dYOmFI
2025-11-24T17:00:28Z,In A Sentimental Mood,Duke Ellington,Duke Ellington; John Coltrane,Duke Ellington & John Coltrane,1963-02,255226,,False,0E8q2Fx2XuzXCO2NSAppkR,1OvmilWKtrabJGEpPRlgK5,4F7Q5NV6h5TSwCainz8S5A
2025-11-24T16:34:49Z,Fire and Rain - 2019 Remaster,James Taylor,James Taylor,Sweet Baby James (2019 Remaster),1970-02-01,203613,,False,1oht5GevPN9t1T3kG1m1GO,1HiG0ukRmFPN13EVcf98Jx,0vn7UBvSQECKJm2817Yf1P
2025-11-24T16:25:52Z,"New York, I Love You but You're Bringing Me Down",LCD Soundsystem,LCD Soundsystem,Sound of Silver,2007-03-12,335480,,False,5rAff9XfcWx7rguN3t0fkW,1R8kkopLT4IAxzMMkjic6X,066X20Nz7iquqkkCW6Jxy6
2025-11-24T16:24:25Z,Fine Day Anthem,Skrillex,Skrillex; Boys Noize; Opus III,Fine Day Anthem,2023-07-07,193690,,False,6tifCCTIVBLC2TmTquYG7G,2mxzA7momOeBvCyKDgZRIb,5he5w2lnU9x7JFhnwcekXX
2025-11-22T20:35:36Z,Mother Mongolia,Altan Urag,Altan Urag,Made in Altan Urag,2006,206253,,False,7pEgoRnaGClhAZYI6pw0z2,7hSZvUP0xzPPJHwJ0lz47M,6PugDK6P4lYB9EsAUu7Bvy
2025-11-04T17:31:34Z,Kanakana,Project Mishram,Project Mishram; Kmac2021,Meso,2021-02-26,345750,,False,5Ax3yFjv9GZJSwoTnC0nGG,4AlgwspEdZvsMeJJ0j7NFI,5bwSQHcoDsGF1oTe1jcFer
2025-10-23T20:57:38Z,Learning to Fly - Live,Pink Floyd,Pink Floyd,Pulse (Live),1995-05-29,316186,,False,62a4P1ZKVOzOjrtBnIMVh8,1uSpngQgBBgwRFYS5sOdqI,0k17h0D3J5VfsdmQ1iZtE9
2025-10-22T16:37:35Z,Sofa Soup,Mary Droppinz,Mary Droppinz; Casey Club,Sofa Soup,2025-10-10,169714,,False,4SI8ClxzA7QHSv47ZPAhH2,0GCR4QIHiueEQYO3m8Shfs,4tPVnr7VB15UA9TRsie3cS
2025-10-22T16:33:47Z,Gecko,En:vy,En:vy; Klinical,Red Hot Fight,2023-10-20,226285,,False,3z5hWZzvImk1r0AAfLQDj1,2rVPMX65VIjXzTDcODUB1C,00YRVhQFlwO1OhSyWyT9pU
2025-10-20T16:16:56Z,Force majeure,Gaspard Augé,Gaspard Augé; Justice,Escapades,2021-06-25,206117,,False,1XkvKjUQUvNgLXKFfk8tBZ,2DlvDiYx2Nd5VQAmNqUDJu,1xiaqHkrYo04iuDw2h7kft
2025-10-18T18:25:54Z,Akula Owu Onyeara,The Funkees,The Funkees,Dancing Time: The Best of Eastern Nigeria's Afro Rock Exponents 1973-77,2012-04-09,448914,,False,5ww9r75Y8JPRgAAc3qJPms,3qvdUGpEoOjOrbtZpWApYm,6dqBherxR2n5xMfqAI0L2J
2025-10-13T04:50:05Z,Funk Master,MPH,MPH,Refraction,2024-08-23,222857,,False,6bB9BQEsEJQQJJ2rT5ZnkL,2R2BtdlMg4A44CzaQdmFfa,62SCu33InHVq97VaWw3eof
2025-10-13T03:52:18Z,Formality,Deathpact,Deathpact,Formality,2018-10-12,182661,,False,36CzPt3fZMpTSpz0LYhT9E,0TniJh6bKyra46tz264VHE,09C3CKFxKEw1n1Z7kvT3jb
2025-10-13T02:44:08Z,PILLZ,Owl Vision,Owl Vision,PAIN.EXE,2020-10-31,180000,,False,2ZtgdEKmSCMB5iXtIwJD6Q,1zd9RZVtVJCHdz2XOh0PNz,5bC2AQ49NEL0cWpev4dgnw
2025-10-12T19:11:00Z,Belomi Bena,Dotphic,Dotphic,Belomi Bena,2025-05-02,149081,,False,2htd2AxzepztrCRQmpSNr2,1OjNyzw9DHxPpWc6fOJ6jv,7Df0EzIGOjD6f50pHY38d0
2025-09-13T00:10:02Z,North American Scum,LCD Soundsystem,LCD Soundsystem,Sound of Silver,2007-03-12,328706,,False,29ufIwomYfLbWBxPMdaUZm,1R8kkopLT4IAxzMMkjic6X,066X20Nz7iquqkkCW6Jxy6
2025-09-11T05:07:43Z,Galactic Symphony,Mandragora,Mandragora,Galactic Symphony,2018-07-16,322387,,False,5Twubz3SaJmTykgAn8t7IS,7dyz28fVJCMmCFc0hNUQrQ,2AasvmwafZPTgQANaoLoQY
2025-09-11T05:04:31Z,Nerds Trying To Dance,Pedestrian Tactics,Pedestrian Tactics,Nerds Trying To Dance,2019-10-21,178124,,False,0DsAxHjchu8vzMrumD3KsR,4NjRL5vw9GyndwDtwQPCCn,6TFOalvhHRXh8JmQTVSoyY
2025-09-03T02:03:11Z,WET,Wax Motif,Wax Motif,WET,2019-06-07,265108,,False,7MysdJNLp89Xl3zoSd5bC5,5OwFjn28oPs9WpvYAnV7Sg,7zm3aSdmGiOkTt0aZFSO8R
2025-08-31T17:33:00Z,Hydrate,Skrillex,Skrillex; Flowdan; BEAM; PEEKABOO,Quest For Fire,2023-02-17,216000,,False,5yOx2ezoz2hBfoE9mItGVo,7tWP3OG5dWphctKg4NMACt,5he5w2lnU9x7JFhnwcekXX
2025-08-24T19:31:53Z,"That's Physics, Baby",Pool Kids,Pool Kids,Pool Kids,2022-07-22,234323,,False,5KWjZvEQlAbO24aYFOkzaD,5WKGQhrvySygwE72Ny9nMb,6yoW6SfviQ5D4Wa5jGxh7f
2025-08-08T06:33:03Z,oh baby,LCD Soundsystem,LCD Soundsystem,american dream,2017-09-01,349452,,False,53PkA8aXiwH4ppa0V0iO7o,4AF1M7bGCFL3LHCtXUUXw5,066X20Nz7iquqkkCW6Jxy6
2025-08-08T06:32:39Z,oh baby,LCD Soundsystem,LCD Soundsystem,american dream,2017-10-06,349693,,False,1Y5EqnpZLLoAp4RQQTr10O,0hdimlCTCms7otJCX9OvqM,066X20Nz7iquqkkCW6Jxy6
2025-08-08T06:32:08Z,black screen,LCD Soundsystem,LCD Soundsystem,american dream,2017-10-06,728360,,False,6kKXowSTq8uKZhdFPdG9BS,0hdimlCTCms7otJCX9OvqM,066X20Nz7iquqkkCW6Jxy6
2025-08-05T20:04:52Z,Parting Ways - Edit,Max Cooper,Max Cooper; Six Sigma,Parting Ways,2019-09-26,277500,,False,4t8Wj2B859gQJ4pR8D8eAf,7Dgatu1IOIwmPSyqPTrzZJ,0WSSKmoRbxqLf3MnXInQ2J
2025-08-04T17:50:20Z,Screening,Mr. Bill,Mr. Bill; Funi,Corrective Scene Surgery,2018-10-23,212631,,False,6vDM1b9YrFwQoas9RKnJba,0Uk535PQau8lq0hqm6aLUo,5JJclMMPi2YgEKjJY9AjbB
2025-07-23T18:18:30Z,Vehicle,The Ides Of March,The Ides Of March,Vehicle,1970,178066,,False,6hnyQ0YpiO35rutiLLHLmr,23mdYErK9fS7hxWuFBGUob,1Csjn2SQV7R9szDhhR7Aji
2025-07-23T18:15:42Z,Hung Up On My Baby,Isaac Hayes,Isaac Hayes,Tough Guys,2016-04-15,377639,,False,7wEGeUzpPNnHKfOtSgYjG4,5QPYYcI8rmWC47nNAtOYj8,3IKV7o6WPphDB7cCWXaG3E
2025-07-23T17:55:59Z,Darkest Light - Remastered,Lafayette Afro Rock Band,Lafayette Afro Rock Band,Malik,2021-11-11,385908,,False,6eDVnsVgEAjMdcczx4mpoq,2ntrZv73irqeBCKaPGt7cT,5EgMMveFcSL3rq87Wkyw4s
2025-07-21T18:35:21Z,Colors,Amos Lee,Amos Lee,Amos Lee,2005-01-01,160453,,False,72SPsHheqN6J3sI520jT9E,0hPXaSKyujqCej452raazD,0QrowybipCKUDnq5y10PD2
2025-07-18T18:59:25Z,Echoes Follow,Alon Mor,Alon Mor,Lands of Delight,2019-11-15,453500,,False,6LjQ5AXX1JFfZd7aOkQfUL,6cSphz4DFke2K9p8roSati,6OLvF6GmX0tMBJJDoeM9Hh
2025-07-16T05:52:06Z,Stay Away,Charles Bradley,Charles Bradley; Menahan Street Band,No Time For Dreaming,2011-01-25,191552,,False,7JkXXU7HymDdxW4lPixViK,6j1xh7WBOIVNekKFKFKbAp,462T0buQ5ScBUQCRpodDRf
2025-07-16T05:50:19Z,Rumble,Link Wray & The Wraymen,Link Wray & The Wraymen,Rumble / The Swag,1958-05-27,147693,,False,3BdoWtWx0tuYgJziTESrjP,72BkQUvWYk5ykUeKqplwFE,6PnWx4EpoWejrFQfrg06hU
2025-07-16T05:50:12Z,Rumble,Link Wray,Link Wray; Link Wray & His Ray Men,"Link, Vernon and Doug",2024-07-12,146120,,False,1wlaVrU7LfcavrsPFitykq,1l4MtvWZlwIgu5tBqPINql,2vQavlZtDA660mnZotYIto
2025-07-16T05:50:04Z,"Bullwinkle, Pt. II",The Centurians,The Centurians,Surfers' Pajama Party (US Release),2005-02-08,136546,,False,5Hn7uZqDarw5VTNX1XluV3,5JKuLMmQiGphE92NWiXTxD,7CkD6EhsfLIn8UMhw9QsPf
2025-07-12T22:52:37Z,I Wish I Knew How It Would Feel to Be Free,Nina Simone,Nina Simone,Silk & Soul (Expanded Edition),1967,188613,,False,5CKHhg31HcYYhwUeeGqvhq,2miVfa78vOd0o8Vbsgd7g3,7G1GBhoKtEPnP86X2PvEYO
2025-07-11T23:09:03Z,So Inviting,postdrome,postdrome,So Inviting,2025-03-21,243099,,False,1pHFtKS55b0q9eHk8eM0Yw,3aXaRCKcIx8vMIIK11gtUY,2xAMuwc0kfFedUVWO9fOQl
2025-07-11T22:39:51Z,It's Gonna Kill Me,Filter,Filter,Title Of Record (Expanded Edition),1999-08-24,304626,,False,0k8sY0HqcgFqWireLT4R3d,0PtuV98eVpJkCORoCH2uCu,01WjpKiWVNurV5hjIadB8C
2025-07-02T17:04:52Z,Lou,Rone,Rone; John Stanier; Bryce Dessner,Mirapolis,2017-11-03,222586,,False,2LRGlAf2hmATTi9K9zAiV3,0gsKWYzmxZ83Ew4N0XLcz1,3Dw9w3jnmr58ocgxiwITcq
2025-07-01T22:51:51Z,Nextra,deadmau5,deadmau5,Nextra,2021-03-29,360000,,False,6U9XV3WFi4Lo89SHxFpyNg,5adMXoePLQgfglzbA7M7vp,2CIMQHirSU0MQqyYHq0eOx
2025-07-01T19:37:33Z,Bladed Terrain,Ital Tek,Ital Tek,Outland,2020-05-01,249073,,False,65B2edEzkUSfERlIYP0Vjm,3jzWLfJz4EB5nFd6GiR6Zt,6Auo6gEPwhb9aZindgVpZJ
2025-07-01T17:06:05Z,Brest,Rone,Rone; John Stanier,Mirapolis,2017-11-03,204741,,False,6HuMrMrfhhVADQ67VMx61l,0gsKWYzmxZ83Ew4N0XLcz1,3Dw9w3jnmr58ocgxiwITcq
2025-07-01T04:30:27Z,Burnt,Kiasmos,Kiasmos,Kiasmos,2014-10-27,560918,,False,1Qg4Da7hw0JlpjLMWwVDU8,7pBDu7nc2KaMsh0SfZMc2d,6X8lhZ7YaRUBlOsOYimlyD
2025-06-30T16:39:14Z,Animus - Shorter,Polynation,Polynation,Animus,2019-12-13,251428,,False,4U6UzxVnMtc41eBIalCDjQ,17lhrH3oeFYGDGSJ03DLqy,4Rcol4u0q89lypqKI83GDz
2025-06-28T21:46:10Z,XYZ,deadmau5,deadmau5,XYZ,2022-06-17,575625,,False,7cbsuVHDGO1QWG15TUOOtp,3w9iuZp9kg9WxPLOw6myZu,2CIMQHirSU0MQqyYHq0eOx
2025-06-28T21:45:34Z,Infraliminal,REZZMAU5,REZZMAU5; deadmau5; Rezz,Infraliminal,2023-10-13,266600,,False,7syNqxCLAQZzQlkRyJIfDr,3RoWzELirpqIEBueczpnNF,7m5U1YbhADGvZc2mIhfe1j
2025-06-14T01:35:19Z,Heute Nacht,Maddix,Maddix,Global Awakening,2024-12-13,204444,,False,67cCbzkbHTIN9GVIy5L1Vb,6aHGQKNhpHKLXzr2BYzxA9,0RMeG9M8QFzss9bAbq99KA
2025-06-03T22:00:22Z,"Handel / Orch. Hale: Keyboard Suite No. 4 in D Minor, HWV 437: III. Sarabande",George Frideric Handel,George Frideric Handel; Alexander Briger; Academy of St. Martin in the Fields,Handel Sarabande,2008-11-28,207266,,False,1upQiytDIEZfl9ItruoXuC,657D9POYWMrDMK9MWNxPHL,1QL7yTHrdahRMpvNtn6rI2
2025-05-20T18:32:57Z,Adam's Song,blink-182,blink-182,Enema Of The State,1999-06-01,249626,,False,6xpDh0dXrkVp0Po1qrHUd8,652N05EcNH1a4bIlUixQE2,6FBDaR13swtiWwGhX1WQsP
2025-05-20T13:08:48Z,YYZ,Rush,Rush,Moving Pictures (2011 Remaster),1981-02-12,265840,,False,3lpDrxUkr0tIe1kmJvdK7d,2xg7iIKoSqaDNpDbJnyCjY,2Hkut4rAAyrQxRdof7FVJq
2025-05-17T17:39:57Z,Let's Get Together,Mikio Masuda,Mikio Masuda,DJ Notoya Presents Funk Tide - Tokyo Jazz Funk From Electric Bird 1978-87,2024-03-15,364160,,False,6NUTRMbLqF6EK7YFYMiGgn,6JfDXxrH94Wa6kvu0aMzkh,61eAtvu2zxMJKClNHFioL5
2025-05-13T20:25:52Z,Pretty Dirty (In the Fading Light),Ripe,Ripe,Produce the Juice,2013-05-04,343404,,False,2eAtxc1L97UPkxDf4LFtrK,2AWk4Vwrxfr0Ueso81gVLy,19lQ2rJLlP71FOKESiMNJT
2025-05-06T20:46:55Z,A.M. 180,Grandaddy,Grandaddy,Under the Western Freeway,1998-08-25,200666,,False,5qaRaOepyRo8PYVwMFH5yT,4h99OhINkm39y6qs7dYOwM,3W4xM5XYtUp4ifYYPVKVdk
2025-05-06T18:57:16Z,I Can Change,LCD Soundsystem,LCD Soundsystem,This Is Happening,2010-05-17,352003,,False,2073QOEC8rBtSyTsRyaWiP,4hnqM0JK4CM1phwfq1Ldyz,066X20Nz7iquqkkCW6Jxy6
2025-05-06T18:57:11Z,All My Friends,LCD Soundsystem,LCD Soundsystem,Sound of Silver,2007-03-12,462266,,False,2Ud3deeqLAG988pfW0Kwcl,1R8kkopLT4IAxzMMkjic6X,066X20Nz7iquqkkCW6Jxy6
2025-05-01T03:58:26Z,Becoming Ocean,Felix Rösch,Felix Rösch,Becoming Ocean,2019-12-20,184000,,False,6wrgyLCuzjoCOy9uklc7M6,5i7Bgdv8bHUT9wmgPa6Ox6,5DN6qP3OzoKVYXF3o2KCXp
2025-04-29T14:30:23Z,To Love You More - Radio Edit,Céline Dion,Céline Dion,The Very Best of Celine Dion,2019-01-18,279360,,False,0UEqov6I69uqwBG6J2wMwC,51DfHvunyUysUZoBJEwbF8,4S9EykWXhStSc15wEx8QFK
2025-04-29T14:30:21Z,Jigsaw Falling Into Place,Radiohead,Radiohead,In Rainbows,2007-12-28,248893,,False,0YJ9FWWHn9EfnN0lHwbzvV,5vkqYmiPBYLaalcmjujWxK,4Z8W4fKeB5YxbusRsdQVPb
2025-04-28T15:37:02Z,Muriatic,Polynation,Polynation,Muriatic,2018-03-16,237777,,False,3QhASXiPt7X0Yb5spuVpGO,2rwGvIiVsWreCiRPJciolf,4Rcol4u0q89lypqKI83GDz
2025-04-25T18:01:13Z,Tugrul,Ochre,Ochre,Project Caelus,2018-12-17,228813,,False,30EVjmgpTs7DmVzshrYlMa,2amRP58tbPgA6aVJg8aMxj,0OmHDBh5styCXDWKwz58Ts
2025-04-23T14:16:36Z,Order from Chaos,Max Cooper,Max Cooper,Emergence,2016-11-25,461000,,False,1O2j6xoEmETsbTk9r8yyQO,26vmJ6CjPxYWYYa2B4d9my,0WSSKmoRbxqLf3MnXInQ2J
2025-04-15T19:09:02Z,Snack Attack,A Great Big Pile of Leaves,A Great Big Pile of Leaves,You're Always on My Mind,2013-07-02,199426,,False,2kBBVGjHZGoHhwemzbccmO,6txALVZugef3bkKb0ocWRc,3bTTtdHi2gxhc8O68LNXXB
2025-04-15T16:53:02Z,Absinthe Party At The Fly Honey Warehouse,Minus the Bear,Minus the Bear,Highly Refined Pirates,2002-08-08,324266,,False,6LkwIps8gLQKC4qX99NMrj,1UMubVNQuVVBG7T6Cuzc5w,0YQBN02bmZvwGNrrWsg2sT
2025-04-15T16:41:19Z,Chandelier,Sia,Sia,1000 Forms Of Fear (Deluxe Version),2015-05-04,216120,,False,2s1sdSqGcKxpPr5lCl7jAV,6FdNvoO5sF4EKwCX9je1MH,5WUlDfRSoLAfcVSX1WnrxN
2025-04-15T16:41:18Z,Brass Monkey,Beastie Boys,Beastie Boys,Licensed To Ill,1986-11-15,157440,,False,2tY1gxCKslfXLFpFofYmJQ,11oR0ZuqB3ucZwb5TGbZxb,03r4iKL2g2442PT9n2UKsx
2025-04-15T16:41:17Z,Gin and Juice,Snoop Dogg,Snoop Dogg,Doggystyle,1993-11-23,211866,,True,39QBkWKnap8wRSW4WB9OK0,5IFOummNcGXY3qCBWRchqP,7hJcb9fa4alzcOq3EaNPoG
2025-03-27T22:16:00Z,[Time] Place,Neighborhood Libraries,Neighborhood Libraries,"Golden Hours, Pt. 1",2020-10-30,427200,,False,7y5KNFzUITQC3ObeFkf9cj,5jZ6dWSjl1sY8WGlXvWcaa,5eu335GvCPHQ1hTJiH0zJt
2025-03-27T19:48:29Z,Whistle Boeing,Jesse Welles,Jesse Welles,Hells Welles,2024-07-04,218380,,False,6byqq2f5Ed1qNQEW3Ht0ma,3Q48reORc8Ex4xTsFuYQGf,366xgdzfRGQoiDRGidGlDJ
2025-03-27T05:01:49Z,United Health,Jesse Welles,Jesse Welles,United Health,2024-12-11,101792,,True,0YoYJw5URPqnGdOSnpeNnT,2bkCyzxi7IglkqjaeZrarS,366xgdzfRGQoiDRGidGlDJ
2025-03-27T05:01:16Z,Have You Ever Seen The Rain (feat. Mt. Joy),Jesse Welles,Jesse Welles; Mt. Joy,Have You Ever Seen The Rain (feat. Mt. Joy),2024-10-29,166973,,False,3nnP9YLtQEpaXkN87q6bns,71mceHjIhQDigBVree5KXM,366xgdzfRGQoiDRGidGlDJ
2025-03-17T00:10:33Z,Memorial (feat. Chelsea Wolfe),Russian Circles,Russian Circles; Chelsea Wolfe,Memorial,2013-10-29,225471,,False,5Y6u1FBAsYsfUAzBX7ym7k,2169qq2aiycEtmgwEQlwgp,0AZ3VR0YbFcS0Kgei7L2QF
2025-03-16T21:18:53Z,Vorel,Russian Circles,Russian Circles,Guidance,2016-08-05,329213,,False,6S0sAqCxsmLsqcaeegJWh5,2UskUDH7emQ3nBqhDgGhzj,0AZ3VR0YbFcS0Kgei7L2QF
2025-03-10T03:41:13Z,San Frandisco,Dom Dolla,Dom Dolla,San Frandisco,2019-09-20,185000,,False,4KrATQEoEbKAAY7j0kMDBl,66IfXKLEgsVPqwElkk8aeP,205i7E8fNVfojowcQSfK9m
2025-02-08T04:13:05Z,Bekhauf (feat. BABYMETAL),Bloodywood,Bloodywood; BABYMETAL,Tadka,2025-01-31,228364,,True,4JFI1qEAIDLwFt8O7HyjSL,5amuuw3Kg9y0Db7S06WJj7,4HFpzehKjow2WqU4EJ6Wy9
2025-01-14T16:09:56Z,Sonne-Slowed+Mastered,deprezz,deprezz; Xizt,Sonne-Slowed+Mastered,2023-12-29,147711,,False,2HrfRTWUkCLCbqeMpTxo66,75x6QEP9b3miVO6wPFbHuV,6fL5VGL0vinKQ5HOviw6iX
2025-01-14T15:47:24Z,Судно (Борис Рыжий),Molchat Doma,Molchat Doma,Этажи,2018-09-07,141394,,False,1SHB1hp6267UK9bJQUxYvO,1FHREwXgTQvqiG8q5KlRzc,1nVq0hKIVReeaiB3xJgKf0
2025-01-07T23:49:15Z,Nos,Balmorhea,Balmorhea,The Wind,2021-04-09,81641,,False,5QIm5UVUJhPrpXwfFXAgKI,4Ud5YQc9KHMuj0TQQfvnnj,1U0FaHAc4fcwQcYEJFgkm9
2025-01-06T15:30:03Z,Sun Killer,Spiritbox,Spiritbox,Eternal Blue,2021-09-17,227477,,False,0qZ03ABKZsGbGhvh1zbbil,4OXoBlapQygTdzAifJm8BL,4MzJMcHQBl9SIYSjwWn8QW
2025-01-04T20:18:22Z,"Teacher, Teacher!",Jinjer,Jinjer,Micro,2019-01-11,351642,,False,2NA0yisSiX8E7g2yjozNqH,78FHhcWpJO7CGHUGhSCXVT,7o6cOczXTB8ioTAAJTbESf
2025-01-02T15:17:43Z,Jaded,Spiritbox,Spiritbox,Jaded,2023-08-25,262631,,False,6IdyYbGg1jxiWhfwm2Ykjn,28sBiYcFfkpAldZodapMyU,4MzJMcHQBl9SIYSjwWn8QW
2025-01-02T15:07:47Z,Obsession,Thornhill,Thornhill,Obsession,2024-02-29,197674,,False,5Ll8FKX2KnoaL5x7tP0D3V,0lvLbFVAM9bsskdDNRoR76,2dE5audbkV3o5cKxvM7lBD
2024-12-17T21:02:55Z,Calculating Revolution,Alon Mor,Alon Mor,Masters of the Human Imagination,2015-01-20,123394,,False,2dhtUKxtHCMjOfe4DL1yJI,3YAzPjFg7eCfHHBLOeFIVE,6OLvF6GmX0tMBJJDoeM9Hh
2024-12-10T22:01:17Z,2080,Yeasayer,Yeasayer,All Hour Cymbals,2007-10-23,323453,,False,20IFx1mqMdM6DrkQnOuiew,6mVyKlhq3v2IHeksO38syx,04HvbIwBccFmRie5ATX4ft
2024-12-10T21:45:23Z,Ambling Alp,Yeasayer,Yeasayer,Odd Blood,2010,235440,,False,4gmivt1Q8UbnQZMVHLH43v,4OTfa7TIDrZjGKCDu8dUqG,04HvbIwBccFmRie5ATX4ft
2024-12-10T21:45:19Z,O.N.E.,Yeasayer,Yeasayer,Odd Blood,2010,323560,,False,5IN6s1ESshNEs5cCKMGcfc,4OTfa7TIDrZjGKCDu8dUqG,04HvbIwBccFmRie5ATX4ft
2024-12-10T03:46:00Z,Overflow,Linkin Park,Linkin Park,From Zero,2024-11-15,211027,,False,7diOv6wm3ngF7Vt6ubK0Sf,4R6FV9NSzhPihHR0h4pI93,6XyY86QOPPrYVGvF9ch6wz
2024-12-04T15:54:22Z,Lost In Hollywood,System Of A Down,System Of A Down,Mezmerize,2005-05-17,320693,,False,0GrHWVTDsaWcD4nrCGr7VE,0cn6MHyx4YuZauaB7Pb66o,5eAWCfyUhZtHHtBdNk56l1
2024-12-02T21:02:11Z,Malasana,Hania Rani,Hania Rani; Dobrawa Czocher,Inner Symphonies,2021-10-15,321820,,False,2tJBG2m6K5jUKxzyTZm9Z7,1KZB5lAvsyeK9X1vFnqARz,14YzutUdMwS9yTnI0IFBaD
2024-12-02T17:47:12Z,I,Aphex Twin,Aphex Twin,Selected Ambient Works 85-92,1992-02-10,77346,,False,2FQviMkaoixlgWuGL4u1EO,7aNclGRxTysfh6z0d8671k,6kBDZFXuLrZgHnvmPu9NsG
2024-12-02T17:24:16Z,Memory Arc,Rival Consoles,Rival Consoles,Persona,2018-04-13,133206,,False,0SDh7AAKlUSzzzXfuB1aVw,1BI2mpiBt99NlNvLka4QhG,05lIUgmmsmTX2N9dCKc8rC
2024-11-25T16:51:54Z,Not Like Us,Kendrick Lamar,Kendrick Lamar,Not Like Us,2024-05-04,274192,,True,6AI3ezQ4o3HUoP6Dhudph3,5JjnoGJyOxfSZUZtk2rRwZ,2YZyLoL8N0Wb9xBt1NhZWg
2024-11-25T16:51:02Z,Pie In The Sky,St. Lucia,St. Lucia,Pie In The Sky,2024-11-22,240101,,False,5Dz4UA0onaAEMopZ0LTau0,29QbAtEKCMVKXWDqGMuFHp,5WId4o5jdGVhptNU0uqKxu
2024-11-25T15:03:31Z,Maktub,Gary Clark Jr.,Gary Clark Jr.,JPEG RAW,2024-03-22,253126,,False,4C4GC99d5OBAUtlCnsSGh7,09XurHGqbBgvj7SH96UbPV,01aC2ikO4Xgb2LUpf9JfKp
2024-11-25T15:03:19Z,Bad Dreams,Teddy Swims,Teddy Swims,Bad Dreams,2024-09-13,184577,,False,3nHuKdFJZm78CoeBnDcFKe,2VxQFEEnhwiV5LpMuHKViR,33qOK5uJ8AR2xuQQAhHump
2024-11-25T14:59:06Z,Big Dawgs,Hanumankind,Hanumankind; Kalmi,Big Dawgs,2024-07-09,190666,,True,0OA00aPt3BV10qeMIs3meW,6Yw4204wbgmpsGTzjXBhYD,4nVa6XlBFlIkF6msW57PHp
2024-11-24T20:58:52Z,Given Up,Linkin Park,Linkin Park,Minutes to Midnight,2007-05-14,189293,,True,1fLlRApgzxWweF1JTf8yM5,2tlTBLz2w52rpGCLBGyGw6,6XyY86QOPPrYVGvF9ch6wz
2024-11-18T17:12:56Z,The State We're In,The Chemical Brothers,The Chemical Brothers,Come With Us,2002-01-01,386798,,False,5cTitgnXxwBuRUJMEnEgtk,56nVadPbdCs1yGB0AtXSGp,1GhPHrq36VKCY3ucVaZCfo
2024-11-15T01:55:09Z,Dream 1 (before the wind blows it all away) - Pt. 1,Max Richter,Max Richter,Sleep,2015,153101,,False,3FVy3aVs0TFzLv6FEiLqC2,0JLN7JryQ2T7lBEYIrSQF1,2VZNmg4vCnew4Pavo8zDdW
2024-11-13T19:35:54Z,Django's Tiger,Django Reinhardt,Django Reinhardt,Djangologie Vol15 / 1946 - 1947,1970,158013,,False,7D0Vzk7rZ6ncTFZj3AqT84,1sUg8G0j9lPHSQExj5Q797,5Z1XZyEFY0dewG8faEIiEx
2024-11-12T15:36:45Z,I Don't Wanna Stop,Ozzy Osbourne,Ozzy Osbourne,Black Rain (Expanded Edition),2007-05-18,239827,,False,5axOkQnmQmwtjr4bv1Xt7i,6wiS0vTk9GfsiUKJEOav8Z,6ZLTlhejhndI4Rh53vYhrY
2024-11-12T15:30:26Z,Descending,Lamb of God,Lamb of God,Sacrament (15th Anniversary Edition),2006-08-22,215240,,False,0xNx1JxP6PCZ8KpW0cVsDJ,1PJtQrmYNraIeTjapfuYcf,3JFsVIxOn7STeilPICkkB2
2024-11-12T00:44:37Z,Sever,deadmau5,deadmau5,some ep,2024-07-19,427538,,False,3sXl6kTbIhhPZ3mrho4woG,5OPRF4o1pypBIdGbKtAbCN,2CIMQHirSU0MQqyYHq0eOx
2024-11-11T23:09:57Z,Afterhours,Melleefresh,Melleefresh; deadmau5,At Play,2011-10-18,367504,,True,7qsvQRnrKBTH948NgeyMfl,3xp9A0kXzxqUztRASTjVD5,7CxdGFcZV0dgrz4D35aG6o
2024-11-09T07:30:51Z,The Sorcerer's Apprentice,Leopold Stokowski,Leopold Stokowski; Philadelphia Orchestra,Fantasia,1990-01-01,559280,,False,0mTwh4PUZ5j9URVCX8WXSA,6yiERKWqeJIEC9OQzhyRcu,52sDxFX9DvIxUupTy8f1yx
2024-11-07T16:01:46Z,Awake,Godsmack,Godsmack,Awake,2000-10-31,304373,,True,6xXlurslWqFuyqTCBlErzX,4uNwpYU5QyX2u0kkkEFLR4,6gZq1Q6bdOxsUPUG1TaFbF
2024-11-06T00:02:26Z,Coffin Nails,MF DOOM,MF DOOM,Metal Fingers Presents: Special Herbs Vol. 5 & 6,2004-03-23,176760,,False,0o73cSWmV0YJeHvzDbJDdn,1AJtMVPbKTiw7OHOa9oVCx,2pAWfrd7WFF3XhVt9GooDL
2024-10-25T02:24:06Z,Baba Yetu,Christopher Tin,Christopher Tin; Soweto Gospel Choir,Calling All Dawns,2009-10-01,209946,,False,6UDFkqHY5gLREnSh9jd5th,0s1sXci3Ok4t6fy2y1Xzh5,60B2BBjn6yEQEl8XLYMZU2
2024-10-17T18:52:42Z,Be Quiet and Drive (Far Away),Deftones,Deftones,Around the Fur,1997-10-27,299866,,False,4Uiw0Sl9yskBaC6P4DcdVD,7o4UsmV37Sg5It2Eb7vHzu,6Ghvu1VvMGScGpOUJBAHNH
2024-10-17T18:35:04Z,Tiger Girl,65daysofstatic,65daysofstatic,We Were Exploding Anyway,2011-11-08,637253,,False,1C7CYlQHn97Q0D8nR8v7sy,1JorSz3YkTUuNMyLu18dUd,6DVVsQAnpHdJjb1nYuOQ6g
2024-10-17T18:32:01Z,"Lament I, ""Bird's Lament"" - Instrumental",Moondog,Moondog,Moondog,1969-01-01,106670,,False,3y2KtKfFtZtWkPmvQ6tvek,56XJ7ZzFPvdvBqZXUJulVa,7HvQfRNJCvPXTVirKKB0Nn
2024-10-17T15:53:02Z,Maria También,Khruangbin,Khruangbin,Con Todo El Mundo,2018-01-26,190999,,False,3CT4U4jJEagjIHg5PPph8X,7hTmy5ipq0ieK4DZZqaxml,2mVVjNmdjXZZDvhgQWiakk
2024-10-17T15:52:53Z,Let's Go Get Stoned,Booker T. & the M.G.'s,Booker T. & the M.G.'s,Doin' Our Thing,1968,174533,,False,1XCqGflyHjZAE1BnRqWUc9,2OWQVMKNjSZeTaVXpfHPX5,2vDV0T8sxx2ENnKXds75e5
2024-10-17T15:50:43Z,Tamacún,Rodrigo y Gabriela,Rodrigo y Gabriela,Rodrigo y Gabriela,2006-10-03,205800,,False,0nNwfRyw0eY323NMkBM0y8,3iqyQHFVWrmx4rjWRJXCNg,7vX3cMVyW8gtDA4y855ynF
2024-10-17T15:47:16Z,Your Smile,The Birdland Big Band,The Birdland Big Band,The Birdland Big Band,2018-12-21,550333,,False,6e3pNF98ePTt7hRJscbqwr,2AhdvqIfunYY5iQgQ1ROJB,3UatNBZ3Li7WonWnauiIuY
2024-10-17T15:44:52Z,re:member,Ólafur Arnalds,Ólafur Arnalds,re:member,2018-08-24,364648,,False,6wUU6ff7O1jlE4NOrv01gI,6JpQGIi2he6iskzR4aLwPG,7E3BRXV9ZbCt5lQTCXMTia
2024-09-29T06:42:26Z,You Hear Yes,Destroy Boys,Destroy Boys; Mannequin Pussy; Scowl,Funeral Soundtrack #4,2024-08-09,163934,,False,3XSCsuqhAqaVoYkYHHFrNC,612gMZhBmHiDyWwA5phdZl,7KeN0XX71T4fGysIYLB5J5
2024-09-23T04:40:20Z,It's Beginning to Look Like Christmas,Johnny Mathis,Johnny Mathis,Christmas Eve With Johnny Mathis,1986-09-23,134772,,False,4jwZZX8J8eN3w0FOK4FCI3,51b0GIhPK2EekvzycY4YpP,21LGsW7bziR4Ledx7WZ1Wf
2024-09-23T04:39:14Z,Misty,Johnny Mathis,Johnny Mathis,Heavenly,1959-08-10,216576,,False,4uxsv9PjV3Yeyn51RdWvGJ,3Yx5An0VumBISWmrOtNyB9,21LGsW7bziR4Ledx7WZ1Wf
2024-09-13T02:10:26Z,The Void,Spiritbox,Spiritbox,The Void,2023-04-19,220765,,False,2exVVVKvdymCwOFdvmA2bq,7iAsbehqUN1IsCNG4NlAwu,4MzJMcHQBl9SIYSjwWn8QW
2024-09-06T21:37:55Z,Mea Culpa (Ah! Ça ira!),Gojira,Gojira; Marina Viotti; Victor Le Masne,Mea Culpa (Ah! Ça ira!),2024-08-30,173160,,False,4AFjPeecGnS3999PV5iOSK,4k6UKb3mWQcQ5yEiyi43DT,0GDGKpJFhVpcjIGF8N6Ewt
2024-08-13T21:53:54Z,Stories,Herzeloyde,Herzeloyde,Stories,2018-07-07,197419,,False,1pPDrLPj7qLlRHD4GRW0cZ,0zwBMcoxvGeaJGrTWXivJO,2AmAO3IlqP2zaCoh98msPC
2024-08-11T16:34:00Z,Alien Blues,Vundabar,Vundabar,Gawk,2015-07-24,155933,,True,11iIikXxC6NP0Ma8vMD27x,1vWOYk3hF5bgVUUUaPvYLh,1W4itxt3vwhmrgLEBuVHJ6
2024-08-07T02:18:15Z,BOOM,Tiësto,Tiësto; Sevenn; Gucci Mane,BOOM,2018-01-26,179512,,True,6iC7vapdKp0XlKhxOkp8QJ,47wyCwrChF50ZTFNOuWx99,2o5jDhtHVPhrJdv3cEQ99Z
2024-08-02T17:45:31Z,Nihilum,Arkana,Arkana,Nihilum,2015-08-03,304248,,False,6WeMckuqw38OVkVYxFOW2m,7L4BfENzMHJWtrTeu0eRTv,6IELx6XGZcbJE8uNDPO3PP
2024-08-02T17:42:25Z,Suiito,fusq,fusq,Lost Station,2016-02-10,144000,,False,07RPEOwBOCHQcyEbV0uYxL,358hXrWXW1WXjqiA6NtaEl,0q0K0FV5t8OnVpbIQTXOhI
2024-07-31T17:32:14Z,I Said - Michael Woods Remix,deadmau5,deadmau5; Chris Lake; Michael Woods,4x4=12,2010-12-06,425357,,False,12wOSEu7t5Pp0GLBTeglBK,3QCMtXbIwR47bbtMYxL7sW,2CIMQHirSU0MQqyYHq0eOx
2024-07-26T00:06:08Z,Open Eye Signal - Remaster 2023,Jon Hopkins,Jon Hopkins,Immunity,2013-06-03,468586,,False,0c9MTfnssGoNXUgmsaE5XU,0Dg1KwgmtUzeMQonDCUFhQ,7yxi31szvlbwvKq9dYOmFI
2024-07-24T23:50:58Z,Immunity - Remaster 2023,Jon Hopkins,Jon Hopkins,Immunity,2013-06-03,596772,,False,69TZeRi1BYt4J712MvrIHC,0Dg1KwgmtUzeMQonDCUFhQ,7yxi31szvlbwvKq9dYOmFI
2024-07-19T20:16:18Z,Amethyst,Billy Hart,Billy Hart,Amethyst,2006-01-01,737226,,False,1f3KBLyi2YlRVNOt9X7jJA,0clAgvd4DR8wZULkqEh2Ri,5DFipPOMNcZT3XMGx59s5I
2024-07-19T20:10:38Z,I'd Rather Go Blind,Etta James,Etta James,Tell Mama,1968-04-18,156653,,False,1kPBT8S2wJFNAyBMnGVZgL,4ReJ59T4YxC62WkfyVTWpr,0iOVhN3tnSvgDbcg25JoJb
2024-07-19T20:05:12Z,Wildest Dreams (Taylor's Version),Taylor Swift,Taylor Swift,Wildest Dreams (Taylor's Version),2021-09-17,220433,,False,1Ov37jtRQ2YNAe8HzfczkL,5hxKw2PurC0i1VVJMAntDU,06HL4z0CvFAxyc27GXpf02
2024-07-19T02:08:31Z,Rule Of Nines,Spiritbox,Spiritbox,Rule Of Nines,2019-11-29,211154,,False,4vtJnyP8ukIKcYZ7MhfBHJ,0BGme1FUv8SQHVCPDzXJlr,4MzJMcHQBl9SIYSjwWn8QW
2024-07-15T12:21:06Z,Vibes Alright,Marc Rebillet,Marc Rebillet,Vibes Alright,2024-07-12,177737,,False,6ZtWV5Xnnj8Mowoc02JWB5,6hwewxU4YEgTBoxsU5FEOu,72udTJKu1pGovvS9aCYGMI
2024-06-26T22:12:05Z,An Ordinary Extinction,Architects,Architects,For Those That Wish To Exist,2021-02-26,247664,,False,1a3ght71qSYa6wBFmmmTE2,7qemUq4n71awwVPOaX7jw4,3ZztVuWxHzNpl0THurTFCv
2024-06-20T14:35:38Z,Du hast,Rammstein,Rammstein,Sehnsucht (Remastered 2023),1997-08-22,235600,,False,6XcoiOYiNbIxzpt8WRxq8Z,6hh5ax5BomINXGoi4q7FDP,6wWVKhxIU2cEi0K81v7HvP
2024-06-19T23:16:59Z,Scarab,REZN,REZN,Chaotic Divine,2020-10-01,246106,,False,5SMWUtZSr58zY0l5P0HSQJ,5Z9bJqGF5FJpe5TXsMWiSD,3pDqLo5LnCyCBxhKZygkfK
2024-06-18T22:48:50Z,Self-Destruct,Kublai Khan TX,Kublai Khan TX,Absolute,2019-10-04,139202,,True,2eqjpko1AQuTdxkBFhAcRG,38mLnAiZLCLqUjs4DzOZdG,5BIOo2mCAokFcLHXO2Llb4
2024-06-18T19:54:06Z,Me and Mia,Ted Leo and the Pharmacists,Ted Leo and the Pharmacists; The Pharmacists,Shake the Sheets,2004,211162,,False,4vBO3iPTa7yH88pqdMyOhw,07ZJma4DINFMI3a8XhsJIA,5hbH3dvtk49g07qpc1QwPe
2024-06-16T21:31:03Z,Apocalypse,Cigarettes After Sex,Cigarettes After Sex,Cigarettes After Sex,2017-06-09,290616,,False,0yc6Gst2xkRu0eMLeRMGCX,2mxFsS5yylSTHNivV53HoA,1QAJqy2dA3ihHBFIHRphZj
2024-06-16T20:38:24Z,Hotel Sayre,Craig Armstrong,Craig Armstrong; Lana Del Rey,The Orchestral Score From Baz Luhrmann's Film The Great Gatsby,2013-01-01,202480,,False,4kxXP9JhYq1AVbuPRgKxMj,6OuywehyzlNMYklKnPpr1W,526q7RxT5KA1VGeQ5GMSHO
2024-06-16T20:30:52Z,Heartbeat,Childish Gambino,Childish Gambino,Camp,2011-11-15,269840,,True,0zo4aX57COch7Wh3NRImTM,2nkHPk6e7TgemWh07yFHxh,73sIBHcqh3Z3NyqHKZ7FOL
2024-06-16T19:46:35Z,Lejos de Ti,The Marías,The Marías,Submarine,2024-05-31,179520,,False,0phzfJn8NeT1LkbqfV2peI,03guxdOi12XJbnvxvxbpwG,2sSGPbdZJkaSE2AbcGOACx
2024-06-16T19:44:45Z,All I Need,Radiohead,Radiohead,In Rainbows,2007-12-28,228746,,False,5Qv2Nby1xTr9pQyjkrc94J,5vkqYmiPBYLaalcmjujWxK,4Z8W4fKeB5YxbusRsdQVPb
2024-06-16T19:09:00Z,Please Please Please Let Me Get What I Want - 2005 Remaster,Deftones,Deftones,B-Sides & Rarities,2005,124173,,False,42gzADgUU7e2yu5Qn8WfeC,0UArfu79AC2LrQ6lsvohp5,6Ghvu1VvMGScGpOUJBAHNH
2024-06-16T19:08:42Z,Intolewd,Matt Maltese,Matt Maltese,Krystal,2020-11-20,79989,,False,79rfskJwK9NLN3p5cdccth,0DMKZZanrzK36YjFyI5nfF,12j6dJrPXanCBwY599pZxf
2024-06-16T19:08:42Z,Nothing's Gonna Hurt You Baby,Cigarettes After Sex,Cigarettes After Sex,I.,2012-07-21,286293,,False,7cs7MLtAWvsdf3w5kBvfK2,12UGkXT4z3ajgq6xheCGDk,1QAJqy2dA3ihHBFIHRphZj
2024-06-16T19:08:42Z,Kill Bill,SZA,SZA,SOS,2022-12-08,153946,,False,1Qrg8KqiBpW07V7PNxwwwL,1nrVofqDRs7cpWXJ49qTnP,7tYKF4w9nC0nq9CsPZTHyP
2024-06-16T19:08:42Z,hotline (edit),Billie Eilish,Billie Eilish,hotline (edit),2023-05-09,60719,,False,0WFryfbNKPXVtVQlz5dZ8H,5iq9BytomHl2yBtORjUlzP,6qqNVTkY8uBg9cP3Jd7DAH
2024-06-16T19:08:31Z,Goth,Sidewalks and Skeletons,Sidewalks and Skeletons,White Light,2015-03-05,207120,,False,0uMZbmAAgOhdMrv25iPEH6,0Iq6APTGuGPe875jV0rIw2,48nHO1cuTbpx4ELhChsxX1
2024-06-16T19:08:31Z,Mrs Magic,Strawberry Guy,Strawberry Guy,Mrs Magic,2019-07-24,208500,,False,0TZejo18HlJ86OrWNsXKnw,3Oovjf1PZOryLQSDKwjJzO,1AbJ2cmwK400LSvdvBL5Jc
2024-06-16T19:07:23Z,Falling In Love,Cigarettes After Sex,Cigarettes After Sex,Cry,2019-10-25,245840,,False,0O0bttAxJKKWqAqY2Nq4mC,4uQ5kFmXQdCxz3WvM4UUzy,1QAJqy2dA3ihHBFIHRphZj
2024-06-16T19:07:21Z,Intermission,Strawberry Guy,Strawberry Guy,Taking My Time to Be,2019-09-27,110181,,False,4hm33jVolpa22nzhlY72jD,2ljZoj8pjImMAznXAkeJne,1AbJ2cmwK400LSvdvBL5Jc
2024-06-16T19:06:53Z,"Sea, Swallow Me",Cocteau Twins,Cocteau Twins; Harold Budd,The Moon and the Melodies,1986-11-10,189040,,False,7vPHiwgCOAjSBRjAirbMvS,5v2I3i4RPD8T1XV0pjvPNo,5Wabl1lPdNOeIn0SQ5A1mp
2024-06-16T19:06:41Z,Fear of the Water,SYML,SYML,Hurt for Me,2016-11-18,245813,,False,3jVniYVNCrwQvvWJpReosr,6lwJbpuuA8wENZOuYDVRc8,6AyATGg7mDgBlZ4N5uNog0
2024-06-03T14:23:48Z,Salvatore,Lana Del Rey,Lana Del Rey,Honeymoon,2015-09-18,281093,,False,21qg0IBZf8R12qHd9A3AA4,2DpEBrjCur1ythIZ10gJWw,00FQb4jTyendYWaN8pK0wa
2024-05-13T16:30:30Z,Fantasia on a Theme by Thomas Tallis,Ralph Vaughan Williams,Ralph Vaughan Williams; Iona Brown; Trevor Connah; Stephen Shingles; Kenneth Heath; Academy of St. Martin in the Fields; Sir Neville Marriner,Vaughan Williams: Tallis Fantasia; Fantasia on Greensleeves; The Lark Ascending etc.,1972-10-01,913200,,False,04daeztQJg7lyDDAHJ70rT,49fD8z3scrgWpCnfkGtbSI,7wNkISK49lKeXuRaZcQVFe
2024-05-11T05:08:32Z,"Variations on an Original Theme, Op. 36, ""Enigma"": Enigma",Edward Elgar,Edward Elgar; Bournemouth Symphony Orchestra; George Hurst,Elgar: Enigma Variations / In the South / Coronation March,1997-12-04,87293,,False,2jJrIibf0GquFSv39pExNf,7J97DsuNyYD4eShxou9Ukj,430byzy0c5bPn5opiu0SRd
2024-05-06T21:25:08Z,Gamma Knife,King Gizzard & The Lizard Wizard,King Gizzard & The Lizard Wizard,Nonagon Infinity,2016-04-29,261463,,False,0yxzfsmzMOCRhbHBpFjXzL,4imRDpzmb4zwvxKhNzJhxr,6XYvaoDGE0VmRt83Jss9Sn
2024-05-06T21:23:04Z,March Of The Pigs,Nine Inch Nails,Nine Inch Nails,The Downward Spiral,1994-03-08,178640,,True,59FwEQpuagQZQVP71h9OIq,3nJnyDV8fwFpffo0EyHQto,0X380XXQSNBYuleKzav5UO
2024-05-06T21:16:00Z,Solsbury Hill,Peter Gabriel,Peter Gabriel,Peter Gabriel 1: Car (Remastered Version),1977-02-25,261440,,False,1CM1wOqD2AIjt2MWd31LV2,4jd6oC0It60c1J3GpXCv6M,7C4sUpWGlTy7IANjruj02I
2024-05-06T21:14:36Z,Pneuma,TOOL,TOOL,Fear Inoculum,2019-08-30,713191,,False,03sEzk1VyrUZSgyhoQR0LZ,7acEciVtnuTzmwKptkjth5,2yEwvVSSSUkcLeSTNyHKh8
2024-05-05T21:39:36Z,Bird's Lament,Moondog,Moondog,Sax Pax For A Sax,1997-11-28,123893,,False,1EuFHPoVGfyfEZBaYExK7v,4A9NpSjSaA2cJss3ksEFVE,7HvQfRNJCvPXTVirKKB0Nn
2024-05-04T20:12:11Z,The art of dying,Gojira,Gojira,The way of all flesh,2008-10-13,594213,,False,7iMQChXFK33TS49QWhE4tt,4J79cxsmRqZbI0BKmNFDy2,0GDGKpJFhVpcjIGF8N6Ewt
2024-05-03T20:15:38Z,Outro,M83,M83,"Hurry Up, We're Dreaming",2011,247026,,False,2QVmiA93GVhWNTWQctyY1K,6R0ynY7RF20ofs9GJR5TXR,63MQldklfxkjYDoUE4Tppz
2024-05-01T15:12:52Z,Wish,Justice Der,Justice Der,As For My Message,2024-04-20,206000,,False,5OgSdwxbwv8SumrXcCxwgD,5fxeT2Hi3XNnfYmoxb0yoq,2N79L5eT2Xraec4UJsi2Fz
2024-04-29T15:06:33Z,Dance With The Devil,Immortal Technique,Immortal Technique,"Revolutionary, Vol. 1",2001-09-14,579293,,True,4LCzEYKPFcd2FCOmZdVDnM,5oSeZDMpbXW5E9v13kDicA,7h8ja4JSORo2sXJPmCXRxa
2024-04-29T14:47:50Z,"April 29, 1992 (Miami)",Sublime,Sublime,Sublime,1996-07-30,233266,,True,2CLSHTGF4jYXx2RCz1h0dS,14eK347GdWO4mBBx78tsut,0EdvGhlC1FkGItLOWQzG4J
2024-04-29T14:47:23Z,Debra,Beck,Beck,Midnite Vultures,1999,343360,,False,6aLmvz0CPeCNHCXK2H5QIC,5Mk8LGoWoPg0igqQXprzfR,3vbKDsSS70ZX9D2OcvbZmS
2024-04-29T14:38:04Z,Someone Great,LCD Soundsystem,LCD Soundsystem,Sound of Silver,2007-03-12,390013,,False,2VGDntFPvgvqSiUf9ITEfW,1R8kkopLT4IAxzMMkjic6X,066X20Nz7iquqkkCW6Jxy6
2024-04-29T14:32:33Z,A Day In The Life,The Beatles,The Beatles,Love,2006-11-17,308191,,False,4XiDAxr6alWzxm24i2Rt4K,1Ye7yrA7vAlQnoooj8yDXb,3WrFJ7ztbogyGnTHbHJFl2
2024-04-29T14:26:52Z,"30,000 Pounds of Bananas - Live; 1975",Harry Chapin,Harry Chapin,Greatest Stories Live,1976,683906,,False,1jXky83x0PR5nrRbAleiJC,6ukRPCRvAdYEeRFDzraqeR,42q4Ivs7tAiCZ5C7eG5q4c
2024-04-29T14:24:05Z,Hurt,Nine Inch Nails,Nine Inch Nails,The Downward Spiral,1994-03-08,375933,,False,1lo9k4PrxFd5Np4cAxXoKo,3nJnyDV8fwFpffo0EyHQto,0X380XXQSNBYuleKzav5UO
2024-04-23T15:29:47Z,Un Deux Trois,MUNYA,MUNYA,Jardin,2023-10-13,210306,,False,3B9rkj19z4Hno7NdkN6cNe,3gLXNVaVPGv7TCmyRnVgky,0JnhdXEQfVjoY1OgwTExwO
2024-04-23T15:03:02Z,Canopée,Polo & Pan,Polo & Pan,Caravelle,2017-05-19,276293,,False,260V7huyJrXnyYe0dFv2Fa,0SuFqlCe5i30Fr75ZlPQVT,45yEuthJ9yq1rNXAOpBnqM
2024-04-23T15:03:00Z,Donostia,Princess Party Mountain,Princess Party Mountain,País Vasco,2017-07-23,276360,,False,0r4HuzLAFMs9XEMf9FSnH9,0LqYIy2d9eFB5qPRUu2aSh,43yLob1epqWzxOTAZ5uaTw
2024-04-19T20:54:46Z,Psychosocial,Slipknot,Slipknot,All Hope Is Gone (10th Anniversary),2008-08-20,284120,,False,3RAFcUBrCNaboRXoP3S5t1,2ISXjEm0D4chvU2IDNvUqk,05fG473iIaoy82BF1aGhL8
2024-04-17T19:07:28Z,Mystik Dub,GRiZ,GRiZ,"Chasing The Golden Hour, Pt. 4",2022-09-23,218400,,False,2RBDtrXZ5LDAfKtmkrJFAv,6QejmRfSf4kvs9GaWilDg5,25oLRSUjJk4YHNUsQXk7Ut
2024-04-17T19:07:22Z,Outside,Mac Miller,Mac Miller,K.I.D.S. (Deluxe),2010-08-13,217285,,True,46xqXoohiUXCZo4K34LG4G,6TFm9KGW7Lbxrl2Zsg4X9R,4LLpKhyESsyAXpc4laK94U
2024-04-17T18:04:47Z,Lovefool,The Cardigans,The Cardigans,First Band On The Moon (Remastered),1996-01-01,193953,,False,7aQjPecQdIuNd1sz3KCDhD,56vFkneGivqQcoNQq362iZ,1tqZaCwM57UFKjWoYwMLrw
2024-04-17T18:04:29Z,Jessica,Allman Brothers Band,Allman Brothers Band,A Decade Of Hits 1969-1979,1991-10-22,450960,,False,3Ye9CND8ke6F1wozOhG0XD,4HKQRECxozbRjqfNU0h0VX,4wQ3PyMz3WwJGI5uEqHUVR
2024-04-17T18:04:24Z,Virtual Insanity - Remastered 2006,Jamiroquai,Jamiroquai,Driving Songs,2005-01-01,229360,,False,4UQDZlZhGUDoYMohwrY28v,0PZ6p6h37zPRCskVNqBRbw,6J7biCazzYhU3gM9j1wfid
2024-04-17T13:50:18Z,Future,Split Chain,Split Chain,Future,2023-06-09,160960,,False,6GBEqPpPsxf1NOtA4TGno4,4ph9SmiAfg2YkdGM8J68QY,5J0ehnVK9YOBGWOwE022ar
2024-04-12T14:43:59Z,Covet,Basement,Basement,Colourmeinkindness,2012-10-23,227340,,False,1AMADyXgIWayh5vXLZo2qF,5uRI7KHcBALPpwhAB9RKnb,4DUQBYAyOTZotSEdKhaf6c
2024-04-10T01:26:08Z,I Don't Care,VIOLENT VIRA,VIOLENT VIRA,I Don't Care,2021-09-24,181028,,False,3RzYbj6Rr6mSJCar4Ua86F,456ldpcpi0wEJDNnHQf5hG,298H8XdYsBHii98wfAZT1S
2024-04-08T20:16:56Z,While My Guitar Gently Weeps,Tom Petty,Tom Petty; Jeff Lynne; Steve Winwood; Dhani Harrison; Prince,Rock and Roll Hall of Fame Volume 8: 2004-2005,2011-11-15,380586,,False,7DzktdAh3zTT5Li8vam9tt,5HFrCOJWNvPAh43Hbtausa,2UZMlIwnkgAEDBsw1Rejkn
2024-04-08T20:16:54Z,Sorrow - Live,Pink Floyd,Pink Floyd,Pulse (Live),1995-05-29,649080,,False,3LqBeDGVNO750J421XVIcH,1uSpngQgBBgwRFYS5sOdqI,0k17h0D3J5VfsdmQ1iZtE9
2024-04-08T19:51:00Z,Comfortably Numb,Pink Floyd,Pink Floyd,The Wall,1979-11-30,382280,,False,5HNCy40Ni5BZJFw1TKzRsC,5Dbax7G8SWrP9xyzkOvy2F,0k17h0D3J5VfsdmQ1iZtE9
2024-04-08T19:21:56Z,"Purple Haze - Live at The Woodstock Music & Art Fair, August 18, 1969",Jimi Hendrix,Jimi Hendrix,Live at Woodstock,1999-07-06,263866,,False,2lk8WgD5OirqjGNaY8M3hO,3ok1qnMfMHuJTjPo5G0sQc,776Uo845nYHJpNaStv1Ds4
2024-04-08T19:10:51Z,Penance,Josh Smith,Josh Smith,Inception,2009-12-21,395093,,False,2dEmgFg56MCm66Fg7M8j4e,7JITuMg08mWbK2QRwVnorr,1rPHe9YQyCdfmYjd1kOVkB
2024-04-08T19:10:50Z,If I Could Fly,Joe Satriani,Joe Satriani,Is There Love In Space?,2004-04-13,391221,,False,1nTIlEfFDYpeRTkvhdF6I3,2rSSRNgFyaVKuAWoz6yYWO,2yzxX2DI9LFK8VFTyW2zZ8
2024-04-05T21:50:49Z,Fade To Black (Remastered),Metallica,Metallica,Ride The Lightning (Deluxe Remaster),1984-07-27,417226,,False,0dqGfCMAGyDgpUAgLNOjWd,2omIeSJEGQeKHPOpiXgfkr,2ye2Wgw4gimLv2eAKyk1NB
2024-04-03T21:06:51Z,As Night Let Down Its Curtain,Joel Lyssarides,Joel Lyssarides,Stay Now,2022-01-28,92514,,False,4anNi7mPKoyHPll6yfC6fK,0sZT6GFJLAZH6NE8DEMsSO,6OMYcSur3Y0DthpzbVkxAx
2024-04-03T21:06:50Z,Koto Song,The Dave Brubeck Quartet,The Dave Brubeck Quartet,Jazz Impressions Of Japan,1964,181266,,False,7ApoQAZIblqnGXhdt3ggp8,7tOQ0wZyrxr2fqWTO6n8M7,4iRZAbYvBqnxrbs6K25aJ7
2024-03-31T05:09:19Z,Try Again,Aaliyah,Aaliyah,Aaliyah,2001-07-07,284640,,False,6Wnlq1Pu3I0BajLvxn05Vr,0cNaDPtbHC1PMJMRTY2GFc,0urTpYCsixqZwgNTkPJOJ4
2024-03-30T16:31:51Z,My Hero,Foo Fighters,Foo Fighters,The Colour And The Shape,1997-05-20,260026,,False,4dVbhS6OiYvFikshyaQaCN,30ly6F6Xl0TKmyBCU50Khv,7jy3rLJdDQY21OgRLCZ9sD
2024-03-26T02:10:50Z,Electric,Boris,Boris,Pink,2006-05-16,105066,,False,0qReQhzcmVMlJcKT1ZzBQ1,0L7mC9kTa31p3cEaFwHIgD,3EgMK920cIH5aLxFnJ6zSi
2024-03-25T03:03:47Z,Just like Heaven,The Cure,The Cure,"Kiss Me, Kiss Me, Kiss Me",1987-05-25,212000,,False,76GlO5H5RT6g7y0gev86Nk,37Q22g0n9PzBLX6lNddrIa,7bu3H8JO7d0UbMoVzbo70s
2024-03-25T03:01:59Z,Take Me Home Tonight,Eddie Money,Eddie Money,Can't Hold Back,1986-10-15,211160,,False,7b4yGtR0rujvLi5EBfKKJ2,2gLYQmHLHZhNpTxlnlkXy7,4Tw2N3wdvJPGEU7JqMxFfE
2024-03-25T03:01:27Z,Poison,Bell Biv DeVoe,Bell Biv DeVoe,Poison,1990-01-01,261853,,False,6m59VvDUi0UQsB2eZ9wVbH,6H5mxGUWguDjtQ4Uzd8veD,2zFZiWQJFFshzojycnXoTL
2024-03-25T03:01:25Z,Fight For Your Right,Beastie Boys,Beastie Boys,Licensed To Ill,1986-11-15,208653,,False,5NLuC70kZQv8q34QyQa1DP,11oR0ZuqB3ucZwb5TGbZxb,03r4iKL2g2442PT9n2UKsx
2024-03-25T03:01:19Z,Road to Nowhere,Talking Heads,Talking Heads,Little Creatures,1985-07-10,259106,,False,5gS8whHdcpbkdz0qonQZF8,7IMqoztesjFDgyeibke8Jz,2x9SpqnPi8rlE9pjHBwmSC
2024-03-25T03:01:01Z,Englishman In New York,Sting,Sting,...Nothing Like The Sun,1987-10-16,267266,,False,4KFM3A5QF2IMcc6nHsu3Wp,3mVCQqgwEvwD7lHy9KHi7R,0Ty63ceoRnnJKVEYP0VQpk
2024-03-25T03:00:56Z,Sledgehammer - 2012 Remaster,Peter Gabriel,Peter Gabriel,So (25th Anniversary Deluxe Edition),1986-05-19,311986,,False,4AUS8KNz7zX8XFu9L38GT0,1vJ8rCzq6BJtKGz9Yf6oT3,7C4sUpWGlTy7IANjruj02I
2024-03-25T03:00:53Z,Don't You (Forget About Me),Simple Minds,Simple Minds,Once Upon A Time (Super Deluxe),1985,263040,,False,3fH4KjXFYMmljxrcGrbPj9,4YimfceN1R0nOS9CefIFhm,6hN9F0iuULZYWXppob22Aj
2024-03-25T03:00:12Z,"Danger Zone - From ""Top Gun"" Original Soundtrack",Kenny Loggins,Kenny Loggins,"Yesterday, Today, Tomorrow - The Greatest Hits Of Kenny Loggins",1997-03-25,215133,,False,34x6hEJgGAOQvmlMql5Ige,3uN87hwClF0hult2cxMbAW,3Y3xIwWyq5wnNHPp5gPjOW
2024-03-25T03:00:08Z,Superstition - Live,Stevie Ray Vaughan,Stevie Ray Vaughan,Live Alive,1987-02-03,283466,,False,2LJeMUu1NY1h7tIN7VkfoK,7pAjlt1BWH880YZhpT1OyW,5fsDcuclIe8ZiBD5P787K1
2024-03-25T03:00:01Z,Like a Virgin,Madonna,Madonna,Like a Virgin,1984-11-12,218626,,False,1ZPlNanZsJSPK5h9YZZFbZ,2IU9ftOgyRL2caQGWK1jjX,6tbjWDEIzxoDsBA1FuhfPW
2024-03-25T02:59:59Z,Heat Of The Moment,Asia,Asia,Asia,1982-03-08,227893,,False,1nmZ8yqKkfooOuYvtFctDp,5TkfP3cqWgeBvCugPeiGNl,1bdytLV3FPjyhfrb6BhMej
2024-03-25T02:59:45Z,In The Air Tonight - 2015 Remastered,Phil Collins,Phil Collins,Face Value (Deluxe Editon),1981-01-01,336453,,False,18AXbzPzBS8Y3AkgSxzJPb,1cM3r0WQZWNkCpEbmFjLln,4lxfqrEsLX6N1N4OCSkILp
2024-03-25T02:59:43Z,You Can Call Me Al,Paul Simon,Paul Simon,Graceland (25th Anniversary Deluxe Edition),1986-08-12,280586,,False,0qxYx4F3vm1AOnfux6dDxP,6WgGWYw6XXQyLTsWt7tXky,2CvCyf1gEVhI0mX6aFXmVI
2024-03-25T02:59:36Z,Let's Go Crazy,Prince,Prince,Purple Rain,1984-06-25,280000,,False,0QeI79sp1vS8L3JgpEO7mD,7nXJ5k4XgRj5OLg9m8V3zc,5a2EaR3hamoenG9rDuVn8j
2024-03-24T20:06:19Z,"Green Hornet Theme - From the Greenway-20th Century-Fox TV Series ""The Green Hornet""",Al Hirt,Al Hirt,"The Horn Meets ""The Hornet""",1966,140379,,False,5ASA1KxNfB27NiulCGNdT4,60zrJCRUVzL3w7ehJvbizl,0TGsWvnbtExsbGUSWtXENE
2024-03-22T19:51:00Z,Sneech,Floor,Floor,Self-Titled + Outtakes,2010-03-30,62480,,False,0pU0chaIUmgEDcZYo2MWfs,5jCF6bn9uEDqvQ8kNR7J73,0jUmy8DLdSP4ntRE75CufV
2024-03-22T17:49:09Z,Rafflesia,Boris,Boris,Rainbow,2007-05-22,333066,,False,54J4SjLN5zUTGhAc2yLHF0,4K1rpn2awIAEa456bZJF2o,3EgMK920cIH5aLxFnJ6zSi
2024-03-22T16:59:33Z,METALI!! - feat. Tom Morello,BABYMETAL,BABYMETAL; Tom Morello,METALI!! (feat. Tom Morello),2023-08-17,208600,,False,3PNuq4zUgDMTqdBuGeg50m,6ZZgSUrLXWhOxZs3TrPWXt,630wzNP2OL7fl4Xl0GnMWq
2024-03-19T20:41:39Z,"Airport Song - Live from Portland, Maine",Guster,Guster,"Guster on Ice (Live from Portland, Maine)",2004,203666,,False,4Nl1otQJRury7dUhaJZuTS,0gdW2WxSU9nqbEhTJnaBGB,34XlPCFfB4vT7P1ekWq9Jc
2024-03-19T20:22:59Z,"Nutshell - Live at the Majestic Theatre, Brooklyn, NY - April 1996",Alice In Chains,Alice In Chains,Unplugged,1996-07-29,297106,,False,3QAE7ypzhNZzQxOjKCGHD9,5PdgIAHzwDvTZRjIGSQGtN,64tNsm6TnZe2zpcMVMOoHL
2024-03-19T20:10:16Z,Dear Weed Man - Live,BOOGIE T.RIO,BOOGIE T.RIO; Boogie T,Live From Spring Adventure,2023-09-20,298666,,False,0E9Ija4VqOEvZS25Lfxw4f,2IYd25I6fhhQfckZpMEmGA,58ZUWJrQzFq9w0Yo5meqEg
2024-03-18T19:29:14Z,Pipe Dream,REZN,REZN,Let It Burn,2017-02-21,127840,,False,4vVRvUKopyVtzr3MVoyFxX,4xTVgnVf3TVixEp7PgrkjV,3pDqLo5LnCyCBxhKZygkfK
2024-03-18T19:12:13Z,Stillborn (a Fragment),Nadja,Nadja,Sonnborner,2018-09-04,99667,,False,7t82TuRmHLvPqljErjvl6m,3KZxRTCspdHuUgHWGcfQu6,5ilW7mgqfRPZzRi28RNk8V
2024-03-16T21:23:50Z,Vanilla,Boris,Boris,Noise,2014-06-17,255000,,False,2Xqd2sxjWHEXmIUlsy6Od9,7BMuCSPi6tuOWdJB8vd7N8,3EgMK920cIH5aLxFnJ6zSi
2024-03-16T21:23:43Z,Enough for you,Wisp,Wisp,Enough for you,2024-03-15,185608,,False,7CYPzawmBUJUN3tDGhQh1I,2Bwu2eMLYU42jisflVhIvJ,3TJZG17pjOKXwx1ELKJPfm
2024-03-16T18:04:05Z,Last Train At 25 O'clock,Lamp,Lamp,For Lovers,2004-02-11,263840,,False,3VPBPBZKxQu3bqeuzz8gRm,0gwS2D9sukMLXNvleEnYr2,0rFHElzeddB9ymDjgpBENX
2024-03-16T17:59:01Z,Tank!,SEATBELTS,SEATBELTS,COWBOY BEBOP (Original Motion Picture Soundtrack),1998-05-21,210333,,False,2Wi5ubKr8zSk8L3CLemyS4,1XoE7ZirQ3gjxq8HIzTJU9,3U3zr5PCRa9ty74uN46iBa
2024-03-16T01:07:38Z,Sanctified (feat. Tobe Nwigwe),Justin Timberlake,Justin Timberlake; Tobe Nwigwe,Everything I Thought It Was,2024-03-15,311659,,False,09xqp9eObeCLsRfyHadWow,716B2iWcwoKolCXrqwLGQh,31TPClRtHm23RisEBtV3X7
2024-03-12T01:42:06Z,Small Sanctuary - nimino Remix,Tycho,Tycho; nimino,Small Sanctuary (nimino Remix),2023-12-11,252187,,False,2WR6MC3545yuad4CyrWkVa,4c9AHJFZftjbrG9qt02lI0,5oOhM2DFWab8XhSdQiITry
2024-03-12T01:40:25Z,Mwaki - Sped Up,Zerb,Zerb; Sofiya Nzau,Mwaki,2023-11-10,178285,,False,7HF9uQRXDrSX0uNHqkATBj,4L43UqvSZKiiKwc1wa89Gz,6mDl7lQiLxT0iQ8LYhAlWy
2024-03-12T01:35:13Z,Surviving,Marc Rebillet,Marc Rebillet,Loop Daddy III,2020-10-01,79715,,True,5CV5ZyiZTgrhPg6f8xm95h,3cC5siI8vVjQzRNhkEd18A,72udTJKu1pGovvS9aCYGMI
2024-03-12T01:32:24Z,Flip It,Levity,Levity; Dem Jointz,Flip It,2023-10-10,135000,,False,4NDhaxAmbKXM8LKrOPNxsy,6pdKC8JtPq2fbz8er190xE,1PbO7aQiVeKbGp8GYWDL9C
2024-03-12T01:27:25Z,0506+056,Deathpact,Deathpact,SPLIT // PERSONALITY PT. 02,2021-05-07,118714,,False,7E6IFutWjPq3vAvSMNIjkP,059BsJBRmEtPQnbYTvD7pp,09C3CKFxKEw1n1Z7kvT3jb
2024-03-12T01:26:56Z,MOSHQUITO,ZEP,ZEP,MOSHQUITO,2023-06-09,101379,,False,2nLfEbR7w78ltUP8nnLc19,6k0MboEyf5WWtWoSaMEtxW,72OZwUYL9lvmwBvvsstpIV
2024-03-12T01:20:57Z,Rumble,Skrillex,Skrillex; Fred again..; Flowdan,Quest For Fire,2023-02-17,146571,,False,74fmYjFwt9CqEFAh8ybeBD,7tWP3OG5dWphctKg4NMACt,5he5w2lnU9x7JFhnwcekXX
2024-03-12T01:16:01Z,The Way You Make Me Feel,The Kount,The Kount; Marc Rebillet; Moods,The Way You Make Me Feel,2021-10-13,204516,,False,7iXA7a53fVKxPJFJvebJ8P,3YzSZa0NOzbojLGnhKohbk,24OnVX6EYwtu7P3jpMenPY
2024-03-12T01:13:54Z,Blue Pink Jam,MEZERG,MEZERG,Blue Pink Jam,2023-11-17,184332,,False,0McmABkx2zZQv5iQbCHuW7,0rwxuxrnrlm3TA3SoVhez9,7G9gz8bsP8VM5CMFTSBvNe
2024-03-11T19:48:24Z,Orgullo,Las Grecas,Las Grecas,Por Siempre Grecas - Vol. 1,2010-11-02,202240,,False,0UdjNJcpqV0bRuc4BynAlY,7f9Z2GB9CTEZfIA5PdfOL6,5sWCGfIxmNiMAl6n8kdbkb
2024-03-11T05:03:40Z,Boston,Paradise Regained,Paradise Regained,Music For The Masses,2007-05-11,331533,,False,6YtJZvTgP7saEg7sfXQ4Kn,36tbqk7EWzZ41HyRdi2pYr,5JltqYKawEivQhorElxjb6
2024-03-11T04:44:16Z,Final Boss,Doomtree,Doomtree,All Hands,2015-01-27,274853,,True,75uvgVau7AVf8eSxhXmZAI,74dDupoB1ObBJheVTEvYwD,2VdhtgJVCayzvFtnq98XJn
2024-03-11T04:43:15Z,Unionize,Max Allen,Max Allen,That's Why,2003-01-01,207760,,False,2sKFeEy8ogXnzishBGh5on,6Uo4U6rkPOnihww9E8Spwz,3p7XV3yCtf518NxWG9brE3
2024-03-11T04:41:21Z,Don't Put Love in the Granola,Porky's Groove Machine,Porky's Groove Machine,"Hello, My Name Is",2019-03-22,293854,,False,6t54swsGBrVI8bIUTNEgss,13pkc3iNMHL2t42YersYva,5ta1czssSQIEzj09k2SeWu
2024-03-11T04:38:08Z,Mucho,Dopapod,Dopapod,Megagem,2017-10-26,393360,,False,6RGXvExPr2zOTSfqqpRqx2,37NK8Dp8ms7so7FqzhopCm,6ur6SxSBdRLBgehOIT2iwX
2024-03-11T04:35:02Z,Winter Beats,I Break Horses,I Break Horses,Hearts,2011-08-22,285080,,False,6o6Dmd2gQW3BXzyzxMHnfz,5AMRFeQNZGN00hCPT3yyub,1H58rS29XotmFJWT3KCnl0
2024-03-11T04:30:12Z,Take Me I'm Yours,Mary Clark,Mary Clark,Take Me I'm Yours,1980-03-15,417666,,False,3rv2u0rfXCZrUoeposkCML,0FJ6fpxfsrO14ZK6opXPJk,3879Rdxlnb7vwtCZa4oPA6
2024-03-09T21:30:57Z,Radio - Remix,James Hiraeth,James Hiraeth; Local; BSEARL,Radio Remix,2024-02-02,194157,,False,68kvypOTqfhvq4Se0HUIjN,5t0y40M7XhW0V5PgYsKpXP,13lPKi6IQrIyWyyovYUbtA
2024-03-08T22:40:08Z,Of the Abyss,Lorna Shore,Lorna Shore,...And I Return To Nothingness - EP,2021-08-13,343032,,False,3wzAXBZ6mhuYEzf2IJAbDc,0pt5jMdHTsMtlzpc4OMmAk,6vXYoy8ouRVib302zxaxFF
2024-03-03T00:36:13Z,Holy Roller,Spiritbox,Spiritbox,Eternal Blue,2021-09-17,173174,,False,1LLiDI21J4WWlmqk7zsm9v,4OXoBlapQygTdzAifJm8BL,4MzJMcHQBl9SIYSjwWn8QW
2024-03-02T05:50:02Z,3AM,Matchbox Twenty,Matchbox Twenty,Yourself or Someone Like You,1996-10-01,225946,,False,5vYA1mW9g2Coh1HUFUSmlb,4vUXTcKz7tXxrNl84meN6i,3Ngh2zDBRPEriyxQDAMKd1
2024-03-02T05:49:53Z,Push,Matchbox Twenty,Matchbox Twenty,Yourself or Someone Like You,1996-10-01,238666,,False,2KVwlelhxKUy8LVV6JypH3,4vUXTcKz7tXxrNl84meN6i,3Ngh2zDBRPEriyxQDAMKd1
2024-02-17T04:47:36Z,PUNK TACTICS,Joey Valence & Brae,Joey Valence & Brae,PUNK TACTICS,2023-09-08,143609,,False,2jQ1P0aGT4WkNyJCeoQnb9,5L1RkN1nh5m18ZuXCktUbc,1q4618qKswelCGLoanFKQh
2024-02-06T14:14:39Z,Check My Brain,Alice In Chains,Alice In Chains,Black Gives Way to Blue,2009-09-29,237906,,False,0Fl8ciGpmcUezzgaSKvysd,3F2cL1E3FXYa74V7D7oAoI,64tNsm6TnZe2zpcMVMOoHL
2024-02-05T00:21:16Z,Universal Sound,Ricky Bamboo,Ricky Bamboo,Forest Theory,2022-12-01,231648,,False,4CR6C67Fe6JqIqs8TvITf6,6tEb4MSz9C8l72Gk681cZ9,5NM4Yut39GINagUVOswMzD
2024-02-04T03:51:32Z,Buggin' Out,A Tribe Called Quest,A Tribe Called Quest,The Low End Theory,1991-09-24,217466,,False,6GAemDMWAXa8wZOBkO1gar,1p12OAWwudgMqfMzjMvl2a,09hVIj6vWgoCDtT03h8ZCa
2024-02-04T03:43:24Z,Can I Kick It?,A Tribe Called Quest,A Tribe Called Quest,People's Instinctive Travels and the Paths of Rhythm (25th Anniversary Edition),1990-04-17,251573,,False,3Ti0GdlrotgwsAVBBugv0I,3kV0i1qqudjf0PGawJ4jck,09hVIj6vWgoCDtT03h8ZCa
2024-02-04T03:03:13Z,C.R.E.A.M. (Cash Rules Everything Around Me),Wu-Tang Clan,Wu-Tang Clan,Enter The Wu-Tang (36 Chambers) [Expanded Edition],1993-11-09,252026,,True,119c93MHjrDLJTApCVGpvx,3tQd5mwBtVyxCoEo4htGAV,34EP7KEpOjXcM2TCat1ISk
2024-02-04T03:01:35Z,RATATA,Skrillex,Skrillex; Missy Elliott; Mr. Oizo,Quest For Fire,2023-02-17,126774,,False,4wteGC0HtLeZWjDcczc4Pw,7tWP3OG5dWphctKg4NMACt,5he5w2lnU9x7JFhnwcekXX
2024-02-04T02:57:54Z,Figaro,Madvillain,Madvillain; Madlib; MF DOOM,Madvillainy,2004-03-24,145706,,True,7oFiFPltiQTBqVutyiSwvE,19bQiwEKhXUBJWY6oV3KZk,2aoFQUeHD1U7pL098lRsDU
2024-02-04T02:38:00Z,Night Time Bitch,Marc Rebillet,Marc Rebillet,Night Time Bitch,2023-12-04,55029,,True,2eRPqH2I3ap7o2s0GGekoy,4liSZY8c6mFNlM9IptsUfj,72udTJKu1pGovvS9aCYGMI
2024-02-04T02:29:06Z,Flute Loop - Remastered 2009,Beastie Boys,Beastie Boys,Ill Communication (Deluxe Edition/Remastered),1994-05-23,114653,,True,6fyfrrqJe9XOlNNgxHwJ3h,3Ba5eDpzB4yLBfJsraQM4G,03r4iKL2g2442PT9n2UKsx
2024-02-04T02:28:57Z,Them Changes,Thundercat,Thundercat,Drunk,2017-02-24,188453,,False,7CH99b2i1TXS5P8UUyWtnM,7vHBQDqwzB7uDvoE5bncMM,4frXpPxQQZwbCu3eTGnZEw
2024-02-02T23:21:03Z,HOOLIGANG,Joey Valence & Brae,Joey Valence & Brae,PUNK TACTICS,2023-09-08,168000,,False,0lwkzF4dDxLp8HMVSQjpFf,5L1RkN1nh5m18ZuXCktUbc,1q4618qKswelCGLoanFKQh
2024-01-28T19:49:24Z,Liberation,Karsh Kale,Karsh Kale,Liberation,2003-06-03,296986,,False,4t2qbVfVptCmmGkxLV3rA5,7F44heEFeNbL5dj7EUbgCL,5KNQvpxpsSUsL8Mon7SjYn
2024-01-07T17:06:34Z,Ça fait du bien - Polo & Pan Remix,Antonin,Antonin; Polo & Pan,Ça fait 2x plus de bien,2018-07-20,181106,,False,4UPNrU3SCxNxa4qXcM3oOs,5v03jp3rrC4R0AVFlMsMAE,5Z1r1R8kuSh4FRdQh7kzmC
2024-01-03T03:29:42Z,The Remedy,Polaris,Polaris,The Mortal Coil,2017-11-03,243913,,False,63GJDO5mxiFP1ZQEpdUWRd,1bxVLZDxByhblJftVPTddl,0v2e0oznnTaIXKLGKHphfX
2024-01-01T07:23:53Z,Ca Plane Pour Moi,Plastic Bertrand,Plastic Bertrand,Plastic Bertrand,1998,182133,,False,4sf4Lq52b2iCoAgpge7a9g,1hbQEk8Dpx3OS6MrZZ4wbq,1KeIof0zqga5ojkmOKg88P
2023-12-29T20:04:20Z,Never There,CAKE,CAKE,Prolonging the Magic,1998-02-05,164266,,False,7aKWgpecgLEqisWcXPElDl,1vbpW28Od2ATmVyAZ0QZ3j,6A43Djmhbe9100UwnI7epV
2023-12-23T15:58:05Z,Going For Oysters,Bats,Bats,Going For Oysters,2023-12-01,276390,,False,2qJZU5QeYYYiPtlSd58qBH,6JhI0FY95G2Q8Of2J0T9Ln,4iuECUfKK1Iulmgxt5MObO
2023-12-02T00:29:27Z,Trop's,Alberto Baldan Bembo,Alberto Baldan Bembo,Lingua d'argento,1976-03-18,116041,,False,5OWFIt6KM0AO8hrtSOopSf,6fT3zApYvyefhGbZXXUu9N,13MlmKnz81PZqZgMfCdVRR
2023-11-20T02:11:33Z,Circle With Me,Spiritbox,Spiritbox,Eternal Blue,2021-09-17,233880,,False,3FI0iAAAjmR31xpZEwbdys,4OXoBlapQygTdzAifJm8BL,4MzJMcHQBl9SIYSjwWn8QW
2023-11-18T01:35:41Z,The Death We Seek,Currents,Currents,The Death We Seek,2023-05-05,245719,,False,0VwEIRp1gZihPBqQVKBd9w,0llAadNufIDvVRzWfSxQxC,5pqvAI85RMxL9K0xHvSwGu
2023-11-03T20:34:17Z,Bring It On Home to Me,Sam Cooke,Sam Cooke,The Best of Sam Cooke,1962,164252,,False,5EoYc5wvRYOtkudLfrjsL1,2Dpw2XUAsBvuNdNLarNzz8,6hnWRPzGGKiapVX1UCdEAC
2023-11-03T20:28:33Z,Cissy Strut,The Meters,The Meters,The Meters,1969,186853,,False,0WSlOSMLJWoWUpWci9nnRb,1Nt14TE6bKZGzJrROip36y,2JRvXPGWiINrnJljNJhG5s
2023-10-24T03:11:22Z,Bleed,Meshuggah,Meshuggah,ObZen,2008-03-07,442733,,False,4E6wpXABj8XosZEPXZz2OK,2x2VoPa1pG2jSElA73a9Xa,3ggwAqZD3lyT2sbovlmfQY
2023-10-23T19:11:28Z,Mogwai Fear Satan,Mogwai,Mogwai,Young Team (Deluxe Edition),2008-05-26,979560,,False,1qHNXbwUpOaeqM5jbK77tn,1NGGrC8yWADoEbyB3zDMmX,34UhPkLbtFKRq3nmfFgejG
2023-10-20T01:17:15Z,Lost In The Static,After The Burial,After The Burial,Dig Deep,2016,273194,,False,7zKoAeplPMS3bcqIZ4crp4,5Y34qlvVSVLWVNr5cyLB4K,0uNj4RxFjG0iVPlZS753en
2023-10-20T01:04:36Z,You Asked for It,Emmure,Emmure,Look at Yourself,2017-03-03,92266,,False,0diSnstejl46AiNC2ISoeW,5d904eRcMkUSIipPixswNM,1C62FV9Cltn9L4c9jAwCyk
2023-10-20T00:32:11Z,Executioner's Tax (Swing of the Axe),Power Trip,Power Trip,Nightmare Logic,2017-02-24,225245,,False,1kbwEcixFWVj5dFO9Kso3J,3suNG9n4WGYQabXhUTkQ70,3TmaQHOfq1olDKHtE38zYT
2023-10-20T00:30:06Z,Stinkfist,TOOL,TOOL,Ænima,1996-09-17,311293,,False,0pwObEOHolQZSldJ2q1wpy,6yWMN087PgSimbcVmHLEwG,2yEwvVSSSUkcLeSTNyHKh8
2023-10-20T00:30:02Z,Holy Roller,Spiritbox,Spiritbox,Eternal Blue,2021-09-17,173174,,False,3q7kMFce0TnDafVUzq8IpE,6cZ39G1mahxDAGfoPzDllb,4MzJMcHQBl9SIYSjwWn8QW
2023-09-10T22:51:34Z,Esperar pra Ver,Evinha,Evinha,"Mr Bongo Record Club, Vol. 1",2016-09-16,127773,,False,0AiCAbg6Xb4uGk9bB5L1jw,5KZ592h7LSigAzhRtsRwue,6cnJ8gP9R3JEh5mCCvOwz3
2023-09-10T22:25:37Z,Take It Easy My Brother Charles,Jorge Ben Jor,Jorge Ben Jor,Jorge Ben,1969-01-20,155666,,False,399Hm1oqfzzQaZRu3CtVMb,3V3XJ3Sh62jPUYUMSQ1Tsf,5JYtpnUKxAzXfHEYpOeeit
2023-09-10T22:21:30Z,Quarta-Feira de Cinzas,Douglas Germano,Douglas Germano,Golpe de Vista,2016-10-21,66386,,False,6SCtl3DTOZ81LyMVARmozp,48UXOS5tvFwls9jFFM0Qp0,2ig041GcPcddsLoeUWpcJ0
2023-09-10T22:16:29Z,Réu Confesso,Tim Maia,Tim Maia,Tim Maia 1973,1973-01-08,217604,,False,3BpiaGyTIb7VIoAYbvSzTH,6gK1Uf1uZolqGBibGaW5qK,0jOs0wnXCu1bGGP7kh5uIu
2023-09-10T22:16:12Z,Gente Aberta,Erasmo Carlos,Erasmo Carlos,"Carlos, Erasmo [Versão Com Bônus (1971)]",1971-01-01,140426,,False,0MT6ecgiLweuA4nd9NTGll,2qimhNvbQmkAxG9GS8wj5M,6cHQUDAPGKRE2NbVjBlOcz
2023-08-25T22:58:36Z,Black Hole Sun,Soundgarden,Soundgarden,Superunknown (Deluxe Edition),1994-03-09,318586,,False,2EoOZnxNgtmZaD8uUmz2nD,29sTacnS0qA9xri6YS8xLA,5xUf6j4upBrXZPg6AI4MRK
2023-08-21T16:44:01Z,Black No. 1 (Little Miss Scare -All),Type O Negative,Type O Negative,Bloody Kisses (Top Shelf Edition),1994-05-10,675653,,True,710B9xFjNOisQtKtppZE9p,22PP61GmfGKAhIQo2ZSRxG,0blJzvevdXrp21YeI2vbco
2023-08-21T16:43:51Z,I Don't Wanna Be Me,Type O Negative,Type O Negative,Life Is Killing Me,2003-06-09,308826,,False,4eGHEHqoDMMejzPhRFTc7p,4AdGr92Z6Ff2WbKP5Ja2QC,0blJzvevdXrp21YeI2vbco
2023-08-21T04:47:28Z,All Caps,Madvillain,Madvillain; Madlib; MF DOOM,Madvillainy,2004-03-24,130479,,True,21O0XXPEWPtePt5RMY93Ob,19bQiwEKhXUBJWY6oV3KZk,2aoFQUeHD1U7pL098lRsDU
2023-08-19T21:07:24Z,Right Side of My Neck,Faye Webster,Faye Webster,Atlanta Millionaires Club,2019-05-24,153320,,False,3cxZT78mZDyLsLPJKcTu3U,7jXmmQ1gNTXHyTF7uvH4Tn,5szilpXHcwOqnyKLqGco5j
2023-08-12T21:13:45Z,At Dawn (Mixed),Christina Vantzou,Christina Vantzou,Late Night Tales: Hot Chip (LNT Mix),2020-10-02,105014,,False,3dgk9BJw49CNkw9dN3FzRq,43usrhesfR3koh4FVWPyWz,4CMC2nnStv4EENjKBSDpKR
2023-08-12T21:13:43Z,"Creature, Pt. 1",DjRUM,DjRUM; Zosia Jagodzinska,Portrait with Firewood,2018-08-17,283288,,False,38KFHXttkrIpnUd0tTvkZj,3ngcrybWz1fUixAjS1ggl3,4HwlolvniI44ETSg5tajeZ
2023-08-07T23:31:24Z,The Sudden Rush,Biosphere,Biosphere,Angel's Flight,2021-01-22,208000,,False,7ic8N154Eqo5Gd5fU38Zku,33d7YxK49GlKrzATMvdhyR,2rcnAZ6DvORQ365X3zVYpr
2023-08-06T00:38:38Z,"Sing, Sing, Sing",Benny Goodman,Benny Goodman,The Essential Benny Goodman,2007-05-22,520293,,False,5L8ta4ECl5zeA6bGqY7G38,7ykWEOYdt8gyA4seOlwtWK,1pBuKaLHJlIlqYxQQaflve
2023-08-06T00:22:05Z,Dream Baby (How Long Must I Dream),Roy Orbison,Roy Orbison,The Essential Roy Orbison,2006-03-28,153800,,False,2brxFq9YHrI4v6RGrocn5X,48CvRZSBT0FbOHKLFfHy0n,0JDkhL4rjiPNEp92jAgJnS
2023-08-05T23:21:14Z,Bebete Vãobora,Jorge Ben Jor,Jorge Ben Jor,Jorge Ben,1969-01-20,155493,,False,3vST7tho4iT90949PEtM7i,3V3XJ3Sh62jPUYUMSQ1Tsf,5JYtpnUKxAzXfHEYpOeeit
2023-08-05T15:39:40Z,Make Munne,Black Moon,Black Moon; Smif-N-Wessun,Enta Da Stage,1993-10-19,264973,,True,0o1cEv8XfdMup4wkrDUmgw,5Di7sTCL8zU5rHMl98qliQ,2yN6bq26wynQcRuPkBYTDb
2023-07-26T05:16:11Z,St. Petersburg,Supergrass,Supergrass,Road To Rouen,2005-06-13,189546,,False,5lzLhFRsmQ7oOgbMOnbMmb,7HBzTTfJhW9sis8yvgxmL6,0sHeX8oQ6o7xic3wMf4NBU
2023-07-26T05:13:41Z,Planet Telex,Radiohead,Radiohead,The Bends,1995-03-13,259200,,False,37JISltgxizbDAyNEEqkTY,35UJLpClj5EDrhpNIi4DFg,4Z8W4fKeB5YxbusRsdQVPb
2023-07-26T05:13:05Z,Cherry-coloured Funk,Cocteau Twins,Cocteau Twins,Heaven or Las Vegas,1990-09-17,192466,,False,37pKTyMwalomKCZjxTc2QZ,5lEphbceIgaK1XxWeSrC9E,5Wabl1lPdNOeIn0SQ5A1mp
2023-07-26T05:10:16Z,Breaking the Girl,Red Hot Chili Peppers,Red Hot Chili Peppers,Blood Sugar Sex Magik (Deluxe Edition),1991-09-24,295373,,False,0cG9ocYqYOIVtgiWTmTe3g,30Perjew8HyGkdSmqguYyg,0L8ExT028jH3ddEcZwqJJ5
2023-07-26T05:10:12Z,Human Behaviour,Björk,Björk,Debut,1993-07-05,252360,,False,5OnyZ56HLhrWOXdzeETqLk,3icT9XGrBfhlV8BKK4WEGX,7w29UYBi0qsHi5RTcv3lmA
2023-07-26T05:10:06Z,Street Spirit (Fade Out),Radiohead,Radiohead,The Bends,1995-03-13,253853,,False,2QwObYJWyJTiozvs0RI7CF,35UJLpClj5EDrhpNIi4DFg,4Z8W4fKeB5YxbusRsdQVPb
2023-07-26T05:10:03Z,This Charming Man - 2011 Remaster,The Smiths,The Smiths,The Smiths,1984-02-20,162920,,False,1FvDJ9KGxcqwv1utyPL3JZ,6cI1XoZsOhkyrCwtuI70CN,3yY2gUcIsjMr8hjo51PoJ8
2023-07-23T07:24:27Z,"Symphony No. 7 in A Major, Op. 92: II. Allegretto",Ludwig van Beethoven,Ludwig van Beethoven; Berliner Philharmoniker; Herbert von Karajan,Beethoven: Symphonies Nos.4 & 7,1985-01-01,465333,,False,79RYNk7I1YDy4RLPamenAn,2KSJA9WWEs5XtFORmIAdeU,2wOqMjp9TyABvtHdOSOTUS
2023-07-21T22:11:51Z,Don't Kill My Vibe,Justice Der,Justice Der,Favorites 2,2018-11-02,252022,,False,7iZ3N3mKXPiQxT4eyTi1Xd,1wCB84h6r1T0nv9ZQDcM3e,2N79L5eT2Xraec4UJsi2Fz
2023-07-11T19:22:56Z,Nardis,Bill Evans Trio,Bill Evans Trio,Explorations,1961,349493,,False,37vEa9sfgAqEZuqX8AX0Zk,5MuOxoJbvmGGIQxo6Pudu9,3VEG6gxFIMfl4Cdog26avS
2023-07-10T02:22:25Z,Gemini,Elder,Elder,Dead Roots Stirring,2011-09-06,580237,,False,0aBBIonGDbOcEyntUARrUV,4N5iqXMXJUZMUzhxDqYQxp,1687IqXRdWmbRshgn194tT
2023-07-06T22:55:55Z,Lovelock,Clark,Clark; Oliver Coates,Playground In A Lake,2021-03-26,100665,,False,2js7fmpprUVcYLoy8lXRz7,6r3sWdrXNAhqOgGlM5ZKNY,6kic5bCjlohhDn9KzXbOta
2023-07-06T22:40:05Z,(Nothing But) Ashes…,Röyksopp,Röyksopp,Profound Mysteries,2022-04-29,112986,,False,6rfVO09kcyKhUcfQkhUpX4,3CPVa0a5QGqxkuiGqNQjSp,5nPOO9iTcrs9k6yFffPxjH
2023-07-02T22:37:04Z,What I'm Giving You,Sweeps,Sweeps,Public Access Radio,2019-10-01,116625,,False,3M7Nmb1161pPb1eUPrsVMS,6FdUzY6cjQpgy99QNnJ8Xw,1ZqVxe4j6KEwGA1WyJkw8t
2023-07-01T01:27:00Z,Manramp,Cobra Man,Cobra Man,New Driveway Soundtrack,2017-09-08,122782,,False,6j0EkGINUEDwCxt6BeUQnX,3JBAAtqYtuEMO39t4lpN7t,1hOZLmKpSs0uaKbGeiWSf9
2023-06-30T12:13:34Z,Mas Que Nada,Sergio Mendes & Brasil '66,Sergio Mendes & Brasil '66,Sergio Mendes & Brasil ’66-86: Classics Volume 18,1987-01-01,161306,,False,6clrt5x5viq13LZwEnHcur,23nAP2jFnpEAXEh8fNdZCt,6hCsqVHnBo1BVQWuIjRMkL
2023-06-30T02:13:34Z,Window Shopper,50 Cent,50 Cent,Window Shopper,2005-11-06,191813,,True,1bevrs76fdGW3y03R5q6GB,6CZsZhx7G4jMx7qoRSFCrI,3q7HBObVc0L8jNeTe5Gofh
2023-06-30T02:10:54Z,Con Altura,ROSALÍA,ROSALÍA; J Balvin; El Guincho,Con Altura,2019-03-28,161626,,False,2qG5sZ7Si6sdK74qLxedYM,4bxHLppgdmaYJk0yfdcP0l,7ltDVBr6mKbRvohxheJ9h1
2023-06-23T17:06:23Z,Wires,Red Fang,Red Fang,Murder the Mountains (Deluxe Version),2011-04-12,343306,,False,4yl1IpHPuXUV2MjxXy6hZn,5RQlhjpn4qz3q2vRrAGYD9,3u4HBuoQ4dgPBzX2Q9uf5S
2023-06-21T19:45:55Z,Fire On The Mountain (I-II-III),Wand,Wand,Ganglion Reef,2014-08-26,307466,,False,3gjIUgybGJCPDaPFSjmpBs,3g2wStQekHPGb8M0SMgciy,53by9P3tpXOW1diWCI6MNu
2023-06-19T12:43:23Z,Corcovado (Quiet Nights Of Quiet Stars),Stan Getz,Stan Getz; João Gilberto; Astrud Gilberto; Antônio Carlos Jobim,Getz/Gilberto (Expanded Edition),1964-03-01,256560,,False,0Wh99eifNTNqDFRtzWhCE2,2W6Hvrtg2Zpc9dW4aBDbdP,0FMucZsEnCxs5pqBjHjIc8
2023-06-19T12:43:12Z,Bim Bom,João Gilberto,João Gilberto,João Gilberto Apresenta Chega de Saudade,1959-04-14,77346,,False,1xBNJg2dvZsmUM4yoBag9N,6eEhHeu8VTc5WemfyfgLY8,77ZUbcdoU5KCPHNUl8bgQy
2023-06-19T12:43:00Z,The Girl From Ipanema,Stan Getz,Stan Getz; João Gilberto; Antônio Carlos Jobim,Getz For Lovers (Deluxe Edition),2022-02-10,322040,,False,7z3l6quyFofhd78Vx94fi1,7lMJv2oB4lCZMXn9kW9mlg,0FMucZsEnCxs5pqBjHjIc8
2023-06-19T12:41:15Z,Bim Bom,João Gilberto,João Gilberto,"Bossa e Sentimento, Número Dois (The Spirit of Rio de Janeiro)",2016-01-01,72671,,False,6MNfmGsR6BIUzgP0yDkzi3,53A8esSW3J4nfbZRXIFE4g,77ZUbcdoU5KCPHNUl8bgQy
2023-06-18T22:22:03Z,Queen,Magic City Hippies,Magic City Hippies,Water Your Garden,2022-01-21,146386,,False,7zFXDAZ2V52022GPNYOxyH,0r0l3PRmsPwylAZQM16e7a,1ikg4sypcURm8Vy5GP68xb
2023-06-18T22:21:46Z,HEADSTART,Ritt Momney,Ritt Momney,Sunny Boy,2021-10-22,190021,,False,4au9zOGq4UoV03sLuXFZZI,5m2dVboM31qQtwPVch8pFv,7MPGCB854Qo4alYMOPkBka
2023-06-18T16:28:48Z,I'm Her Daddy,Bill Withers,Bill Withers,Just As I Am,1971-05-01,199514,,False,4Z5C9LDf5S5pWFAoPWN4ej,6N8uPmDqbgXD3ztkCCfxoo,1ThoqLcyIYvZn7iWbj8fsj
2023-06-17T00:12:57Z,Nothing's Gonna Stop Us Now,Starship,Starship,No Protection,1987-07-27,270333,,False,3X7uFMzJrEE0sxn62qd8Ch,3nCQjsOzTmnWM6gnjIaT8J,0kObWap02DEg9EAJ3PBxzf
2023-06-16T11:54:23Z,Celestial Breakdown,Tonebox,Tonebox,Nocturn,2016-10-28,215046,,False,2Szp5uQStSRxZnLQhsvfkC,7iutUmgf7NQonrffDeNW4g,3r5rHoyzqZHGJkU8fGZtNO
2023-06-16T11:05:01Z,The Uncanny Valley,Perturbator,Perturbator,The Uncanny Valley,2016-05-06,414579,,False,1jGL6zAuki7S4f7vtvAtr3,1P0XIILJzTc9SzkZe4QutA,244uLu9lkdw39BJwlul3k8
2023-06-14T17:37:20Z,Romance de la reina Juana (Bulerías-canción),Fernanda y Bernarda de Utrera,Fernanda y Bernarda de Utrera,Cultura Jonda VII. Fernanda y Bernarda de Utrera,1997,179613,,False,1Q2DmbanwxK8YpQNPgMTC7,3EaozRzcdhsUgBgiioqD1K,1m2NPAaGiV2RHrvAOorKEk
2023-06-14T17:04:02Z,Cuéntame Cosas Tuyas,Los Ros,Los Ros,Los Ros,2017-07-06,163092,,False,67HPuWyT3SUmUwVqg6xEnH,5C2DoMfeL3KmBnEFiHZrxq,3J0DhZmsJBr8QlhE4yyWor
2023-06-13T15:17:45Z,Stars,Hum,Hum,You'd Prefer An Astronaut,1995-04-11,309106,,False,6lQE6LF3MU63Z6VyhPxaV3,2qx0YtBEDcbpclLlqzRi2o,6sM2JCBjZprP7JLMTZZSxX
2023-06-13T15:12:06Z,Then Red Eyed,Melt-Banana,Melt-Banana,Fetch,2013-10-01,79453,,False,4grR2rIiiRTtn54wOUuxMN,4C8VqFE4h4KWIsbAViqIby,1aDpQ3bo57IlYWmsG5sdlp
2023-06-13T11:40:46Z,Don't Bring Me Down,The Animals,The Animals,Animalization,1966-07-01,196933,,False,1Nt0O2VIAhUTRIeQfaPhoZ,16XqkYio48otdOsxJb0JAs,3ICflSq6ZgYAIrm2CTkfVP
2023-06-12T14:14:04Z,Avril 14th,Aphex Twin,Aphex Twin,Drukqs,2001-10-22,125520,,False,1uaGSDFsLdReQgg8p7Obwh,2oJo7cB45gMVuRsaWNwDq2,6kBDZFXuLrZgHnvmPu9NsG
2023-06-12T13:46:22Z,come here go there,Rei Harakami,Rei Harakami,[lust],2005-05-25,411333,,False,5TvlGsoPtV8ZrL62SpqKtV,5iTBKfzPNHpzZHHWyvXa05,1orPVlRmIYWQ2KkJcMjjnB
2023-06-12T13:28:39Z,The Life - Album Version (Edited),Styles P,Styles P; Pharoahe Monch,A Gangster And A Gentleman,2002-01-01,228026,,False,3JlAKU6ysNKgeAmrVDEpc6,4XBZZ01Jv4TdBBr0BEzyTH,2x8KDZdSONA3872CnhaAlX
2023-06-12T01:01:10Z,K.,Cigarettes After Sex,Cigarettes After Sex,Cigarettes After Sex,2017-06-09,319560,,False,7LX4aXtvImhdgUHQBlo8Kp,5bP82ZIls6rzhpf5Qu6AzC,1QAJqy2dA3ihHBFIHRphZj
2023-06-10T16:38:08Z,The Life - Album Version Edit (Explicit),Styles P,Styles P; Pharoahe Monch,A Gangster And A Gentleman,2002-01-01,189426,,True,4bEC9WAGg0ednUtNAlgZV4,4LmiDfIReR290PQm026KNF,2x8KDZdSONA3872CnhaAlX
2023-06-10T14:45:20Z,Lose Your Mind,The Third Bardo,The Third Bardo,I'm Five Years Ahead of My Time,2000-07-11,135853,,False,5DnoDSaY1QY0oyuyWn7FGf,5KPFfApr6yPp50whO9kYV9,6SdO3dLXggmHcby5EkO06o
2023-06-10T01:48:59Z,Your Woman,White Town,White Town,Women In Technology,1997-02-24,259893,,False,4ACxa9buEUnOdYEoPcnMpi,3Xp1KG3G31VGZgV8JpMSX6,1MPcILKoMCJym9KscdYxuM
2023-06-09T14:23:26Z,Mistadobalina,Del The Funky Homosapien,Del The Funky Homosapien,The Best Of Del Tha Funkee Homosapien [The Elektra Years]: The B-Boy Handbook,2004-02-10,260306,,False,0KQd3QY1Y8zC2rfO4ZBQRC,2XYtkhFpj90gSdbdmk0Wur,0YsLR3SQd5QTXAhGIGX7cl
2023-06-04T17:50:31Z,Orgullo,Las Grecas,Las Grecas,Auténticas,2011-06-01,227666,,False,6PqTiaqwOqGHs24PPwdaM5,1l0o9wJKu1YMS48WGyBm3n,5sWCGfIxmNiMAl6n8kdbkb
2023-06-01T02:28:12Z,N.Y. State of Mind,Nas,Nas,Illmatic XX,2014-04-15,294081,,True,5zwz05jkQVT68CjUpPwFZe,6oSHgr3TZJPCFshYUfBDqE,20qISvAhX20dpIbOOzGK3q
2023-05-30T15:02:17Z,Angel's Flight,Biosphere,Biosphere,Angel's Flight,2021-01-22,352357,,False,3W3xcAOWb0TkMqqI7Rd5xg,33d7YxK49GlKrzATMvdhyR,2rcnAZ6DvORQ365X3zVYpr
2023-05-29T16:39:18Z,River,Leon Bridges,Leon Bridges,Coming Home (Deluxe),2015-06-23,238560,,False,3hhbDnFUb2bicI2df6VurK,21KIagsx1ZvYcv0sVkEAWv,3qnGvpP8Yth1AqSBMqON5x
2023-05-29T13:30:30Z,I Disappear,The Faint,The Faint,Wet From Birth,2004-09-14,247173,,False,7AMGMiTQPTzDnQO7oHXggs,41ZdJIZqQvwlcf939RDQlP,4A1yfFuBmBOgzv4Oe3fFHk
2023-05-29T02:21:11Z,Everybody Loves Somebody,Dean Martin,Dean Martin,Everybody Loves Somebody,1964,167203,,False,5I9sHwLDX28tLtzVgKLtpr,5py1cVI9V82vgizOzh7z1q,49e4v89VmlDcFCMyDv9wQ9
2023-05-29T01:58:40Z,Dancing In The Street,Martha Reeves & The Vandellas,Martha Reeves & The Vandellas,Dance Party,1965-01-01,165226,,False,6rLqjzGV5VMLDWEnuUqi8q,3lFGAL3WruNTdBXfct7ZbZ,1Pe5hlKMCTULjosqZ6KanP
2023-05-29T01:49:09Z,Under the Boardwalk,The Drifters,The Drifters,Under the Boardwalk,1964-06-01,161960,,False,65jrjEhWfAvysKfnojk1i0,7AgI5vniflcbh86Znea7yM,1FqqOl9itIUpXr4jZPIVoT
2023-05-28T22:27:13Z,Another World,Gojira,Gojira,Fortitude,2021-04-30,264947,,False,7cRGgrQ9eg8V8A4FsSj020,3bmdzJRZ4DLRTiA6yBBQcI,0GDGKpJFhVpcjIGF8N6Ewt
2023-05-26T12:09:40Z,Serpent,Gatekeeper,Gatekeeper,Giza,2010-12-13,204546,,False,3rgWIXxgrTBrPkI9UrZn5q,0q2SfCMPFdmdeUaVTDjScX,1jqdeIfE79rZ2KUUPoyWNh
2023-05-26T12:08:40Z,Conductor,TOY,TOY,Join the Dots,2013-12-09,428000,,False,118ke6oeNibDPmh1EHPn62,4aLDgsogKidBuWEHAdMEEV,0b0uhvUEeiD6y0XHVw3mRA
2023-05-12T14:36:31Z,A Love Supreme,Alice Coltrane,Alice Coltrane,World Galaxy,1971-01-01,604213,,False,1VT4hCdbHrn87tfXXGyOOp,4vJH84ddOAuXvRhtS0ePex,0oKYiTD5CdNbrofRvM1dIr
2023-05-04T23:00:26Z,False Providence (feat. Mick Gordon),Monuments,Monuments; Mick Gordon,In Stasis,2022-04-15,301640,,False,4VC2LUKfqd8J0poU7kdLVH,3Q0ElZiEA7GBDcqNyeF71r,71IBhhBhtPLZ8OyVuXOw77
2023-04-09T17:49:52Z,The Piano Drop,Tim Hecker,Tim Hecker,"Ravedeath, 1972",2011-02-14,173946,,False,27Wy3mCVRdW9ih3jFxRvtb,6Iu8toVsvCc3I4INxYiVIy,1qiwaJwjKod5WhcYZ76O1B
2023-03-26T20:56:41Z,The Only Living Boy in New York,Simon & Garfunkel,Simon & Garfunkel,Bridge Over Troubled Water,1970-01-26,241721,,False,5MbXzXGbqobR8xPVPs8OXA,0JwHz5SSvpYWuuCNbtYZoV,70cRZdQywnSFp9pnc2WTCE
2023-03-26T20:17:26Z,Bam Bam,Sister Nancy,Sister Nancy,One Two,1982,196506,,False,7ixiCZEHWHc8FxaQXQh2P4,3Il1CWXA64e8gukuJZoj0e,21pMSs2JHWwwy2kp1QIIVB
2023-03-26T19:58:25Z,Can You Get To That,Funkadelic,Funkadelic,Maggot Brain,1971-07-12,169856,,False,5lc9L9FeLBwlJPgEbq9uEw,3ywVzrwMQ3Kq43N9zBdBQm,450o9jw6AtiQlQkHCdH6Ru
2023-03-25T02:07:08Z,Dern Kala,Khruangbin,Khruangbin,The Universe Smiles Upon You,2015-11-06,219840,,False,47FmTHqPWGWEfbgDpLjvCt,2OPcQNLP8DQVumD8kBRAH3,2mVVjNmdjXZZDvhgQWiakk
2023-03-25T02:03:06Z,All The Time [bonus],Arbour,Arbour,Sights & Sounds,2018-02-23,143602,,False,0PqFOINAWryIGXOLbZmR2e,2cQ0edhqTMSqJyU6kwaNzZ,3pSfwb3p6BVPTYDkNdgxS2
2023-03-24T21:51:45Z,From My Heart and My Soul (feat. Phoelix),Terrace Martin,Terrace Martin; Robert Glasper; 9th Wonder; Kamasi Washington; Dinner Party; Phoelix,Dinner Party,2020-07-10,150496,,False,3Czw867MbvBiyEd1QCvjmq,4Wq9dC08uEtSuGc8mFwC3r,7MNEVabc4cs19CbzAFZmXz
2023-03-21T06:09:02Z,Nose On The Grindstone (OurVinyl Sessions),Tyler Childers,Tyler Childers; OurVinyl,Tyler Childers | OurVinyl Sessions,2017-05-30,204000,,True,4a2uqVlpRChHj32EjJLu7G,42nsomRaEURVkNt7IF1IFu,13ZEDW6vyBF12HYcZRr4EV
2023-03-21T06:01:46Z,Long Violent History,Tyler Childers,Tyler Childers,Long Violent History,2020-09-18,190405,,False,4Bu4aJ7xLdIeRnD69pFBXU,6mnyZZR498NtFOkjGfGl8s,13ZEDW6vyBF12HYcZRr4EV
2023-03-16T18:55:31Z,ITHACA,FEYNMAN,FEYNMAN,Illusions II - EP,2017-12-01,118009,,False,7r2wvO9jgwqKQxEwCkyDOP,3W8A3K0ON01doy9fur9toU,5bpKJkKb5h112Fy5eLMbWt
2023-03-16T18:48:57Z,Velours,Anomalie,Anomalie,Métropole,2017-06-23,256179,,False,6qelWJZgIv9woWtbOfrktP,6v9pAnvJZdoFK4A8xZC3Ui,2ev6Cd0yJVCcpf2zezEQ8Z
2023-03-16T18:24:30Z,Ra Rise,Mono/Poly,Mono/Poly,Golden Skies,2014-09-01,227920,,False,1xz4K9M6u70E31McEgTbb4,28LmJm3eKbHa6Ux5Snq9jA,0rKc6ImQCM6pmYrQj5zcra
2023-03-16T18:12:59Z,Crescent,Anomalie,Anomalie,Métropole Part II,2018-10-05,194464,,False,6tGH8Z7P4M4GtO9gqhmHfM,1JbY4S11XhsAEppscTd1ci,2ev6Cd0yJVCcpf2zezEQ8Z
2023-03-16T17:53:33Z,Yesterday's Gain,The Kount,The Kount,"Virtually Yours,",2019-05-30,309677,,False,2kPEP1PpSOgnEM97VhS4uO,2ARxrbFG1gxvE4XZpAerVl,24OnVX6EYwtu7P3jpMenPY
2023-03-15T20:13:05Z,CAFFEINE,The Kount,The Kount; Kaelin Ellis,Vignette,2022-09-23,60896,,False,1y386OwuJG2bfJJkmVdAPe,2FsL8EEjgrmyyHwe9FLxXA,24OnVX6EYwtu7P3jpMenPY
2023-03-15T19:36:02Z,Cold Turkeys,The Kount,The Kount,Sundae Sauuce Presents: Chocolate Drizzle,2018-06-28,114950,,False,5Tq9yXnqdp61596NVclAPz,0JpEaFsmduibGQhAEoIgXz,24OnVX6EYwtu7P3jpMenPY
2023-03-15T19:10:47Z,SUNDAY STROLL,The Kount,The Kount; Kaelin Ellis,Vignette,2022-09-23,85201,,False,0nDgNDcrAmeMq9RMw1Xytz,2FsL8EEjgrmyyHwe9FLxXA,24OnVX6EYwtu7P3jpMenPY
2023-03-14T02:25:18Z,Around the Sun,Life On Venus,Life On Venus,Encounters,2017-08-04,150000,,False,7uHPeQJmdhQMW32Jlyfsmr,0xeUhrPDwkyFJzOAADD6Bf,72cBWuYjXkWxEXqZcoH5kE
2023-03-14T02:09:02Z,Youth // Decay,SOM,SOM,Youth // Decay,2021-02-12,335992,,False,161Fnpxa2XkA5uWHp7WZag,50uEVEGpNXod7jqVXK321t,0l5d2oD9unQCRRogw47e2Q
2023-03-09T03:38:11Z,Ataraxia,Team Sleep,Team Sleep,Team Sleep (U.S. Release),2005-05-09,197360,,False,0yzjqS9Ya9tE0QAYizgpNe,7BORauiIbjPkOVRzSq38DP,6CwDvApcRshxhEVMP30Sq7
2023-03-08T01:52:00Z,Them,Nils Frahm,Nils Frahm,Music for the Motion Picture Victoria,2015-06-15,239769,,False,2tr4oclswJ6v3dfDlI01HD,5Bd46K8hcylV7O7xz2YqEX,5gqhueRUZEa7VDnQt4HODp
2023-03-04T02:58:11Z,ゆきこさん,ミドリ,ミドリ,あらためまして、はじめまして、ミドリです。,2008,188493,,False,7EzsrJjJQBXRPiAPijADtG,5q8Hkakvwmb5Zyk4nUZKyD,1Qjrx8NtccILLfR3wh1u3o
2023-03-02T03:05:02Z,Two-Way Mirror,Loathe,Loathe,I Let It in and It Took Everything,2020-02-07,300186,,False,0b4TKuvZ4eJ8eHgJgXaCnN,6nUUV3haj8ug8okTmOyIU2,4G9wSdX0klmoHfjm9i6DLd
2023-03-01T18:03:28Z,Billie Jean,Chris Cornell,Chris Cornell,Carry On,2007-05-28,281373,,False,7sZD8tOmfRUObogGX8VzfZ,7DTYi2YCfQZGDyeedTdNGb,0XHiH53dHrvbwfjYM7en7I
2023-02-13T04:21:29Z,Meh - Tiny Room Sessions,Greg Spero,Greg Spero; Chesley Allen; MonoNeon; Ruslan Sirota,Meh (Tiny Room Sessions),2022-07-22,185579,,False,3MMHgcAQMAsSyXGRDG7WUQ,2wJxjuNUkFTfr9VffkkxS5,0zimAUeLZD9gEVSEgc9RRd
2023-02-11T21:50:36Z,Intro - ReBirth,Javier Santiago,Javier Santiago,ReBirth - EP,2020-09-18,57468,,False,5ijoR5YYENoi96iWEtTweq,3oloiyQgCoTq0t155i0anl,3L3oWS9VsgTRBF7HFHdOEz
2023-02-10T05:54:28Z,"Sand, Sun and Flower - Tiny Room Sessions",Greg Spero,"Greg Spero; MonoNeon; Ronald Bruner, Jr.","Sand, Sun and Flower (Tiny Room Sessions)",2021-05-14,142047,,False,1OScugH2zx76lKKMZ1BOhA,0KebAVVJiWxcp5nwHEJq3B,0zimAUeLZD9gEVSEgc9RRd
2023-02-06T23:35:07Z,7/4 (Shoreline),Broken Social Scene,Broken Social Scene,Broken Social Scene,2005-10-11,293840,,False,5PurHGjwfAQel15O4ZIiGu,0y7KfUbof07yf2bHFYdPJZ,7lOJ7WXyopaxri0dbOiZkd
2023-02-06T22:47:44Z,Cut Your Hair,Pavement,Pavement,"Crooked Rain, Crooked Rain",1994-02-14,186733,,False,4tBl1xhBg5PETpBvFnQmGl,1XFNz6KIvLyIsLFOiLRKqP,3inCNiUr4R6XQ3W43s9Aqi
2023-02-06T22:39:44Z,Wires And Waves,Rilo Kiley,Rilo Kiley,Take Offs And Landings,2001,198000,,False,5LzA8stjiwSi6m4ZIj3Kgm,22XOtHa5uhifgMJr5KaIXN,2cevwbv7ISD92VMNLYLHZA
2023-01-31T01:52:17Z,O Children,Nick Cave & The Bad Seeds,Nick Cave & The Bad Seeds,Abattoir Blues / The Lyre of Orpheus,2004-09-20,411386,,False,29FQEJUtBAnxWEkux39d7I,4OrbNhWLOrWi6lb40T0IHM,4UXJsSlnKd7ltsrHebV79Q
2023-01-24T03:28:09Z,High Road,Mastodon,Mastodon,Once More 'Round the Sun,2014-06-17,255626,,False,4coYVm83MTdcEKlWcbU4Zh,7mEkBi9a2p2f1WQbnH8Qk5,1Dvfqq39HxvCJ3GvfeIFuT
2023-01-13T02:41:23Z,Set Guitars to Kill,And So I Watch You from Afar,And So I Watch You from Afar,And So I Watch You From Afar,2009-01-06,329586,,False,7vFft9G8FTZwsBJ98a7Bft,4nQNwJc6p4H5voynNVzv8I,7qKMNwlACMZOUdMG3acwst
2022-12-24T02:57:12Z,The Same Place,Centaur,Centaur,In Streams,2002,455000,,False,06WHKWWKPDqkWA5yHCCRUs,4NIUGM2AxYylwdhjshZsPL,4cFiH2RuKB8SzNi3MwCpJJ
2022-12-19T03:25:54Z,Players,Slum Village,Slum Village,Sex,2007-06-20,146279,,True,1j7wEQzZkqwUe7YyAVmwjL,0eijWrmE9aAYfNzY85PYw7,1020a42xVklY6c56imNcaa
2022-12-19T00:53:21Z,Time: The Donut of the Heart,J Dilla,J Dilla,Donuts,2006-02-07,98720,,False,6ywnTBL62OTd8HUaztJizb,5fMlysqhFE0itGn4KezMBW,0IVcLMMbm05VIjnzPkGCyp
2022-12-19T00:51:48Z,Black Balloons Reprise,Flying Lotus,Flying Lotus; Denzel Curry,Flamagra,2019-05-24,161971,,False,2csZLnXBMuw6ETZuRxdUZF,5WfDyog8yO7ZF8JdJxeZfl,29XOeO6KIWxGthejQqn793
2022-12-19T00:21:43Z,One Beer,MF DOOM,MF DOOM,MM..FOOD,2004-11-16,258586,,True,4BnrGx9tWNF8aiXl1UhDBa,1UcS2nqUhxrZjrBZ3tHk2N,2pAWfrd7WFF3XhVt9GooDL
2022-12-19T00:19:38Z,Lockjaw,King Geedorah,King Geedorah; Trunks,Take Me To Your Leader,2003-06-17,63000,,True,6K6rqLZ7PBDx3PNA4snQzK,1mrhahrlJu5JfzgeV6Cy8t,77AKJs9SJqxHXbPgtJPKRa
2022-12-19T00:15:10Z,Rapp Snitch Knishes,MF DOOM,MF DOOM; Mr. Fantastik,MM..FOOD,2004-11-16,172893,,True,5KUNwkaNf8l5A9sXZhiCgI,1UcS2nqUhxrZjrBZ3tHk2N,2pAWfrd7WFF3XhVt9GooDL
2022-12-18T19:55:14Z,Big Thinks Do Remarkable,And So I Watch You from Afar,And So I Watch You from Afar,All Hail Bright Futures (Bonus Track Version),2013-03-19,231653,,False,0NNcqfgzO4ivslX7ALoz17,0Gsm99gxGRwEoEfdzZTDfq,7qKMNwlACMZOUdMG3acwst
2022-12-17T09:50:03Z,Powder Blue,The Cactus Blossoms,The Cactus Blossoms,You're Dreaming,2016-01-22,143939,,False,4eml8c7ZKYbMPFNgtfiwou,4qGvK6eH2aTvYIu1WmSSxG,7kWwQAe9JnYNMk4kuEe73S
2022-12-17T09:47:11Z,If I Was The Devil,Justin Townes Earle,Justin Townes Earle,Kids In The Street,2017-05-26,154653,,False,0iG8xWaMt2FdcNOkOZiz7H,10bNKmk6ZxM6HRB5mwh4SU,3znXuXT3xkCtjgOxXBBVnq
2022-12-17T09:26:58Z,Election Day,Blaze Foley,Blaze Foley,Sittin' by the Road,2010-05-15,144186,,False,4u2TjVvixbPrcMZntDIQE6,3nyszXBcbHA92HAB5NPsRL,1TlScGwN8MmIZ7kIYGjSZA
2022-12-04T22:56:08Z,Hell Broke Luce,Tom Waits,Tom Waits,Bad As Me (Deluxe Edition Remastered),2011-10-25,236066,,False,4WZb6UurjjVs2W6ClgwirI,5kngzyNwERbKiQDvVwsgMt,7x83XhcMbOTl1UdYsPTuZM
2022-12-04T22:51:32Z,Goin' Out West,Tom Waits,Tom Waits,Bone Machine,1992-09-08,200240,,False,141XsxpUkbj7AkQKT8vySq,5blxyZRgkA735vO40p56MA,7x83XhcMbOTl1UdYsPTuZM
2022-11-17T00:39:55Z,Zero Day,Nothing,Nothing,Dance on the Blacktop,2018-08-24,237133,,False,1dwC0I32wb53mXCECR4ZY7,4LSHNiX2fM8eKv4TyosARZ,60mqEPQp1eNjuwt1Z4yL4J
2022-10-26T02:15:44Z,Famine Asylum,Nothing,Nothing,The Great Dismal,2020-10-30,250096,,False,5918U5xYBF6Dx6T36fwxlw,0LKwC9p0PLomstKm9Y0nt3,60mqEPQp1eNjuwt1Z4yL4J
2022-10-09T23:10:59Z,Flood in Heaven,The Daysleepers,The Daysleepers,Creation,2018-09-07,301224,,False,2KqKu9seZepmo9uKo6VyD8,7MkfRXHzsO8yK7wD9unGzS,1geEJC0mAf9bjfmYCffS9F
2022-09-06T17:34:05Z,O.D.,Polyphia,Polyphia,New Levels New Devils,2018-10-12,202163,,False,1U2yqd3Bp4vBuIQ3NGfS6C,7GhytR6ZMWetf1jxAzITtG,4vGrte8FDu062Ntj0RsPiZ
2022-09-06T17:33:56Z,G.O.A.T.,Polyphia,Polyphia,New Levels New Devils,2018-10-12,215998,,False,0YPuRrM2NwzdtuShUKkts6,7GhytR6ZMWetf1jxAzITtG,4vGrte8FDu062Ntj0RsPiZ
2022-09-06T17:33:51Z,Playing God,Polyphia,Polyphia,Playing God,2022-05-10,205925,,False,3nBGFgfRQ8ujSmu5cGlZIU,3rHwz3EQwsQXdsXvSWE1N4,4vGrte8FDu062Ntj0RsPiZ
2022-09-04T18:17:07Z,Lux,The Surrealist,The Surrealist,Lux,2017-05-20,192874,,False,69YMIwp4Lra5rOR1BshxmX,6WNd0581rgy7xWCLWHic34,54muyMofzFuDNq0oJfI8Gy
2022-09-04T18:08:15Z,Sunflower,Jakub Zytecki,Jakub Zytecki,"Nothing Lasts, Nothing's Lost",2019-10-03,182500,,False,7M7p02tAX11OY4vnU4GjMP,3PhPBXHydvZGpmUpFec4Ps,43EA0mCA9Iiw33kdPtMa1q
2022-09-04T17:36:42Z,Low Life,Their Dogs Were Astronauts,Their Dogs Were Astronauts,Neon Theatre,2017-08-18,218319,,False,1QZYHvkDtCNpNlJDBDAoar,5f2gEO0PghVJ6qMOOCCaVy,4Z9zaQ8l8EbHdZPwaP691h
2022-09-04T17:30:40Z,Dioma,Jnathyn,Jnathyn,Dioma,2021-02-02,232000,,False,242gNZQKPCZQIhrHI4Kuox,35p5hSB2HF0T99fwHj8Vr7,1zThDYJbVAPulAkfGTkcLk
2022-09-04T17:18:23Z,Cartus,Kjjjjjjjjj,Kjjjjjjjjj,Centro De Dispersión,2020-02-26,184639,,False,2Hv4izofAjPpHD4CtdemPP,2cBhV03l2xuxYP072bNNde,41H3nsLvw0N1Z8FBov2Jgd
2022-09-04T16:37:11Z,ABC (feat. Sophia Black),Polyphia,Polyphia; Sophia Black,ABC (feat. Sophia Black),2022-09-01,152361,,True,7D4lgMbSs10AQ0zX3ZldJc,4NC0LlM8LuF9ol77V63QtJ,4vGrte8FDu062Ntj0RsPiZ
2022-08-19T23:32:10Z,Language I: Intuition,The Contortionist,The Contortionist,Language,2014-09-16,324106,,False,0BuW9fqt8OwlvrId32gH10,31iQCEQpdDzZr8t5UlhVRI,7nCgNmfYJcsVy3vOOzExYS
2022-07-21T23:03:10Z,Quiet,This Will Destroy You,This Will Destroy You,Young Mountain,2006-06-06,293173,,False,4llDF3RuBQYj2nkjTCJY4w,4In2V4QylBdWT8HJ0dLDw5,0MG4LXIw7n4x0wjDc6WYXk
2022-07-08T18:03:54Z,Brother,Dark new Day,Dark new Day,Twelve Year Silence (U.S. Release),2005-06-14,232586,,False,6xG98dEo5in1q1XzKItax4,47xVvnQ6jOEXGCp3x0e2Wo,4p4w7caKUrj4emHsdmSToC
2022-06-02T18:05:23Z,Break,Fugazi,Fugazi,End Hits,1998-04-01,131253,,False,6cWjeUN9zJvcl1Ir6Kc366,3Dy7ttLGgQPLNTEsqlIVU8,62sC6lUEWRjbFqXpMmOk4G
2022-05-28T17:45:53Z,Colors,Black Pumas,Black Pumas,Black Pumas,2019-06-21,246586,,False,6d4FWjx72iuRWzn1HwywLK,4KJGypBUe7ANibtri1msUe,6eU0jV2eEZ8XTM7EmlguK6
2022-05-28T16:02:59Z,Glory Box,Portishead,Portishead,Dummy,1994-01-01,308626,,False,3Ty7OTBNSigGEpeW2PqcsC,3539EbNgIdEDGBKkUf4wno,6liAMWkVf5LH7YR9yfFy1Y
2022-05-19T15:23:17Z,The City Has No Empathy (Your Sentimental Lie),Caligula's Horse,Caligula's Horse,Moments from Ephemeral City (Re-issue 2017),2011-06-16,370146,,True,4lSYhsS2dGIYVUqGc5LirL,31WmdVSyK9Sdq5FMpwNahH,6Zd7AjXsoLaweP9FHyudVC
2022-05-16T03:46:40Z,The World Is Our ___,This Will Destroy You,This Will Destroy You,Young Mountain,2006-06-06,432306,,False,1EKk6Xvei9N9scaQcrax2S,4In2V4QylBdWT8HJ0dLDw5,0MG4LXIw7n4x0wjDc6WYXk
2022-05-12T01:13:48Z,Nasty (feat. Jason Richardson),Polyphia,Polyphia; Jason Richardson,New Levels New Devils,2018-10-12,280314,,False,2yWAPCnRMbpbGqVHAZzqgJ,7GhytR6ZMWetf1jxAzITtG,4vGrte8FDu062Ntj0RsPiZ
2022-04-08T14:46:19Z,Asturias (Leyenda),Isaac Albéniz,Isaac Albéniz; Simon Dinnigan,Favourite Guitar Works,1998-07-16,402640,,False,4wYpjral4wvOld6talKDM4,0pnRi0UoqvjSaxpzLuwgz9,4sbcjbyksdT4dJ5Lh0SvZp
2022-04-02T20:20:37Z,Red Clay,Jack Wilkins,Jack Wilkins,Windows,1973-07-18,298798,,False,3Mbkhd9tdMwyqbrVE3IODX,6CSRaAJ3krsCkhuMAzx4PD,6oalE1Ov29U9WBDn63puSu
2022-04-02T20:17:33Z,Sreo Sam Te,Branko Mataja,Branko Mataja,Over Fields And Mountains,2022-03-25,210194,,False,65a5XISI9lmVThB7MvRMva,7wYxQkN1kvtONeiUCiwRWS,3GUvYumHvxngYgB807pOOe
2022-04-02T20:06:53Z,Muziqawi silt - instrumental,Wallias Band,Wallias Band,"Ethiopiques, Vol. 13: The Golden Seventies (Ethiopian Groove)",2004-07-04,226333,,False,4nQm99PPXFjr67oMLO7B1H,0rLSJW9TMqqxTHRulbkL82,1B0qJV6XpYaNyj47Bd22ui
2022-04-02T20:06:50Z,Kelen ati leen,Orchestra Baobab,Orchestra Baobab,A Night At Club Baobab (Senegalese Dance Music of the 70's),2006-07-03,218573,,False,4GNBjMLPjb0YaHlRv7dBR2,0ZS9LdgKzYRPY97s5Xo9pp,7xT0arvCDupDU1YYy0BNv9
2022-04-02T18:59:50Z,Shakey Jake,Joe Mcphee,Joe Mcphee,Nation Time,2000,816186,,False,4E338dZ3I1twCT9uzqqR4o,6uAkgTCAvYNrGJrG6SaZV3,27oJnNF9gM9RZp0oFSDmkC
2022-03-20T23:20:59Z,Listen to the Storm,Puppet,Puppet,Fear Is Fleeting - EP,2016-11-30,263854,,False,5H4jqUyGlm58FpRo6wZQxi,47rxFzJT0VpMaygmZc6lBv,0QaiCsyOUjBgLqsbABu07O
2022-03-20T23:15:04Z,Falaise,Floating Points,Floating Points,Crush,2019-10-18,234320,,False,3rkJH9BaiCWpRY718WTkBP,1WwZwdTICfaZI51BIIEN9z,2AR42Ur9PcchQDtEdwkv4L
2022-02-17T15:58:56Z,Resynthesis 3D (Binaural Version - Headphones Only),Max Cooper,Max Cooper,3D Reworks 001,2020-05-14,296250,,False,1c7inucFjGndMO3QTsl0lg,15PC8OBWZycbckdl1VOYle,0WSSKmoRbxqLf3MnXInQ2J
2022-02-10T19:54:06Z,Yún Xiēn 雲仙,Mong Tong,Mong Tong,Music from Taiwan Mystery 台灣謎景,2021-05-07,373484,,False,0sJVAbCC9StienURrJlILp,7JkvDzyInePvoOV3eBJPPv,61QVaGjYK4UNd6uTz7Lzuo
2022-02-09T00:55:37Z,Cubensis,Papadosio,Papadosio,Microdosio,2020-07-07,331570,,False,1rHQVcUIkpeHrzj6z74Emy,2tlqeiRrUFcqGK4JILK8VZ,22nCgEikczPLtGfDdpRroh
2022-02-09T00:22:52Z,I'm the Mountain,Stoned Jesus,Stoned Jesus,Seven Thunders Roar,2012-03-12,961942,,False,1e1IiUItCGhp8LvU8aZ213,5KEs1CBh2Keg4OMVsYfaZU,23lyMLxYNPS15hpVvFNptR
2022-02-08T23:15:05Z,Set Guitars To Kill,And So I Watch You from Afar,And So I Watch You from Afar,And So I Watch You From Afar,2009-01-01,329586,,False,4bTkD3JiPKuU76nngz8q61,5H5dJMKkEILDBAs5ApxfYu,7qKMNwlACMZOUdMG3acwst
2022-02-08T22:57:41Z,Ninth Wave,Indukti,Indukti,Idmen,2009-01-14,692133,,False,7pEqvYRpacYE93QStSjhUH,48M9ll2xLTDeneQE7saYdX,50O4F2FV8zyBRRSyeHRFrV
2022-02-08T21:04:06Z,Catalyst - Remastered,Oceansize,Oceansize,Effloresce,2003,400680,,False,5SCCzPzozC2v2wqHev6M0M,6yY6v4JnwTQGo5w9IZqTRu,0Opj9xi9HHrH0L9uHAKnKm
2022-02-03T23:10:28Z,Firestarter,The Prodigy,The Prodigy,The Fat of the Land,1997-06-30,279800,,False,1auX4gkGe7hbrOH0BXdpV4,2qivROlvQ8BcUKTaCA7dL2,4k1ELeJKT1ISyDv8JivPpB
2022-01-26T22:23:46Z,Robot Rock / Oh Yeah,Daft Punk,Daft Punk,Alive 2007,2007-11-19,387506,,False,5eS6pTvDNOvh2kyxeZtK3r,7u6zL7kqpgLPISZYXNTgYk,4tZwfgrHOc3mvqYlEYSvVi
2022-01-20T15:40:45Z,Neon Pattern Drum,Jon Hopkins,Jon Hopkins,Singularity,2018,367213,,False,1rbH1KmfxUjVlt8GCjgZSE,1nvzBC1M3dlCMIxfUCBhlO,7yxi31szvlbwvKq9dYOmFI
2022-01-14T21:38:19Z,Epilogue,Jóhann Jóhannsson,Jóhann Jóhannsson,The Theory of Everything (Original Motion Picture Soundtrack),2014-11-04,108968,,False,47DeTufpEGrePu6TaVEuoN,02VRifrsiTM73hPGjXduRQ,3IpQziA6YwD53PQ5xbwgLF
2022-01-05T23:55:54Z,strobe - ov,deadmau5,deadmau5,where's the drop?,2018-03-30,310508,,False,7rHLdW9JCTxj7yIFafHqRo,4CJz7SiuYgxGPQSk4RMXBc,2CIMQHirSU0MQqyYHq0eOx
2022-01-04T02:20:31Z,Killing In The Name,Rage Against The Machine,Rage Against The Machine,Rage Against The Machine - XX (20th Anniversary Special Edition),1992,313573,,True,59WN2psjkt1tyaxjspN8fp,4Io5vWtmV1rFj4yirKb4y4,2d0hyoQ5ynDBnkvAbJKORj
2021-12-15T03:51:36Z,Just,Lane 8,Lane 8,Just,2019-12-31,290731,,False,3yYk5jhpqHF6lpIyvjhTRZ,0jBPNAx9LFbDcLqDjhveDT,27gtK7m9vYwCyJ04zz0kIb
2021-11-23T19:02:40Z,Give In to Me,Michael Jackson,Michael Jackson,Dangerous,1991-11-13,329538,,False,1euDTbMNRPNfKd8zZz4zTT,0oX4SealMgNXrvRDhqqOKg,3fMbdgg4jU18AjLCKBhRSm
2021-10-28T04:26:15Z,Bulbo,FEATHERED SUN,FEATHERED SUN; Jo.Ke; Chris Schwarzwälder,Bulbo,2016-05-13,367665,,False,21rVSdH4e0opHfu5rJ8agX,3hSj2KsvjpLvTQJ0pdqAUm,7bfe7ceWNJ3OjzmnzcMpdu
2021-10-28T04:26:07Z,Batismo,Populous,Populous; RIVA,Azulejos,2017-06-09,191924,,False,4RIlInNHIduhE7l84PODhK,3emF9VP0ecSjGEAI2XQ6m0,5Uy8Skuxzxf38jMDTndKIU
2021-09-10T21:57:13Z,Nothing Else Matters,Phoebe Bridgers,Phoebe Bridgers,Nothing Else Matters,2021-08-11,274506,,False,1guCON9841cQwAlbNplLsY,5cGlNs3L4C2mzMQiAfox41,1r1uxoy19fzMxunt3ONAkG
2021-09-10T21:57:05Z,Nothing Else Matters,Chris Stapleton,Chris Stapleton,Nothing Else Matters,2021-08-12,494800,,False,2diAXaP8GEWHa6ORPctFnh,2ri6eDQYCQtoCJH6O4IBFg,4YLtscXsxbVgi031ovDDdh
2021-09-10T21:57:01Z,Nothing Else Matters,Miley Cyrus,Miley Cyrus; WATT; Elton John; Yo-Yo Ma; Robert Trujillo; Chad Smith,Nothing Else Matters,2021-06-22,395785,,False,43YC4iYmSsYueViJR4dBGA,0aJexlAjIMTzRARD3KifWc,5YGY8feqx7naU7z4HrwZM6
2021-09-02T02:32:51Z,Can You Hear Him,Kamasi Washington,Kamasi Washington,Heaven and Earth,2018-06-22,534752,,False,0ws0fhTBH7cpouQ6dn80yM,6f3h8jHeXY6I6qduBrK3eK,6HQYnRM4OzToCYPpVBInuU
2021-04-14T22:07:25Z,Tezeta (Nostalgia),Mulatu Astatke,Mulatu Astatke,"Ethiopiques, Vol. 4: Ethio Jazz 1969-1974",1998-10-06,376640,,False,414J8tKHbtF16XOiHGBEso,5VKvVk4gaPAJyXjof8NnzX,7HGFXtBhRq3g1Ma3nH4Rgv
2021-03-07T17:12:18Z,shibuya (feat. San Holo),Covet,Covet; San Holo,effloresce,2018-07-13,345520,,False,7BsPyswBtiM1PbPnUnuNzE,1vvBlvKIqeQDPJbDkt0Xny,46iJ1VD4HKFnqjISGqlZkV
2021-03-01T23:23:39Z,Feel Your Weight - Poolside Remix,Rhye,Rhye; Poolside,Blood Remixed,2018-11-16,310133,,False,1hgX0ZmmP7IRRjUFCIBrnQ,1AvkRISSdzC7cq7eLoS5w1,2AcUPzkVWo81vumdzeLLRN
2020-10-19T00:23:42Z,"Concerto for Cello and Orchestra No. 1 in A Minor, Op. 33, R. 193: I. Allegro non troppo - Allegro molto - Tempo I -",Camille Saint-Saëns,Camille Saint-Saëns; Camille Thomas; Orchestre National de Lille; Alexandre Bloch,"Saint-Saëns, Offenbach",2017-10-06,355573,,False,6Z4sYitEPKOwIMV3S6n2uT,6Z2LwPZLuG0ng3B0TkhsBi,436sYg6CZhNefQJogaXeK0
2020-08-26T19:46:32Z,To the Moon,Isaac Waddington,Isaac Waddington,Borselli: The EP,2018-06-22,193846,,False,5ofhenrlYG5L38PSBTxJua,6mWPeB1T2bjPbFg1b9Dg1B,4ebKlOJFmoNuBQLKSEGDuH
2020-06-07T02:49:22Z,"La campanella in G-Sharp Minor (From ""Grandes études de Paganini"", S. 141/3)",Franz Liszt,Franz Liszt; Lang Lang,Liszt - My Piano Hero,2011-07-25,287986,,False,2Hnurh1BcigGbCGFOb4Uid,39Hh5k01di42nUCLn8Wxqu,1385hLNbrnbCJGokfH2ac2
2020-05-30T04:54:48Z,Nanã,Polo & Pan,Polo & Pan,Caravelle,2017-05-19,190826,,False,0Psz3az3RIYfJpnsajBT8N,0SuFqlCe5i30Fr75ZlPQVT,45yEuthJ9yq1rNXAOpBnqM
2020-05-27T15:46:40Z,Esperanza (Radio Edit),KARLK,KARLK; Sn4tch,Crossroads,2017-05-26,248250,,False,0mGK1gtSjRby2jNnRCQxWi,6nTK2GO94uPTw2ng9nwBTQ,1VVYETYOF4Iw0KtrBIrllj
2020-03-05T15:54:58Z,The Motherload,Mastodon,Mastodon,Once More 'Round the Sun,2014-06-17,299786,,False,6EF0xhfKtQNqUPz2mnE5BD,7mEkBi9a2p2f1WQbnH8Qk5,1Dvfqq39HxvCJ3GvfeIFuT
2020-02-27T23:12:22Z,Serious Mood,Point Point,Point Point; Pyramid,Serious Mood,2017-10-27,219000,,False,6KdqE1loutetHOOJCTt0qc,3DwWwVJ52qLRAlWEo1JSQt,5L67d6oZKOOmXcBcMMJdZZ
2020-02-11T18:43:39Z,The Consolations of Philosophy,Max Richter,Max Richter,Black Mirror - Nosedive (Music From The Original TV Series),2016-10-21,336998,,False,6gllTV2Gyhpn7OwunTAaQH,6I3nSno00gBaLTJF4epBQY,2VZNmg4vCnew4Pavo8zDdW
2019-12-27T20:04:30Z,Texas Sun,Khruangbin,Khruangbin; Leon Bridges,Texas Sun,2019-12-04,252811,,False,3k5oLgungD1dSOGLqQdIQw,3woYZI2bFXEh5nR8KfltJ1,2mVVjNmdjXZZDvhgQWiakk
2019-12-27T18:32:49Z,"Love, Reign O'er Me",Pearl Jam,Pearl Jam,"Love, Reign O'er Me",2019-12-09,332666,,False,5ZfsG6AXxJBSaiAyKuTSgy,1cZTDwipkedFb85qMbYTr1,1w5Kfo2jwwIPruYS2UWh56
2019-12-27T18:32:38Z,New Slang (When You Notice The Stripes),The Shins,The Shins,When I Goose-Step,2019-12-12,229906,,False,2V2cZiuHj1Za9DF3GAfgBu,4mWVtK8XTtniRA9cdxaA93,4LG4Bs1Gadht7TCrMytQUO
2019-12-27T17:38:12Z,LIFE ON MARS?,Trent Reznor and Atticus Ross,Trent Reznor and Atticus Ross,Watchmen: Volume 3 (Music from the HBO Series),2019-12-18,173640,,False,0pyJV9BsFlW8o87jgHQ18f,3vY7azmIs5SG8O47L97VXM,6cadOIa5DTh6a5mGo5r4bh
2019-09-15T15:00:54Z,"Nocturne in E-Flat Major, Op. 9, No. 2",Frédéric Chopin,Frédéric Chopin; Vladimir Horowitz,"Chopin: Valse, Polonaise: Ballades, Nocturnes, Barcarolle, Études",2002-08-06,265826,,False,2yNcl1LniWpmIraPjMT6zh,5ErouaU9LCIdd8DRKy6mEh,7y97mc3bZRFXzT2szRM4L4
2019-09-15T06:07:56Z,"Nocturne in E Minor, Op. 72",Frédéric Chopin,Frédéric Chopin; Vladimir Horowitz,Chopin: Solo Piano Works,2009-08-11,254773,,False,1XDTqKSYyUv9pwGFyq5hvC,3D0G7PBQe5idIJ0qlO8hj5,7y97mc3bZRFXzT2szRM4L4
2019-09-15T06:05:04Z,"Nocturne in E Minor, Op. 72, No. 1",Frédéric Chopin,Frédéric Chopin; Vladimir Horowitz,Horowitz Plays Chopin,2003-01-01,255626,,False,3QwF0hyzVzboS7OHiRYlP2,5ZEY0J0RJIFhCeDrUIJlHk,7y97mc3bZRFXzT2szRM4L4
2019-09-13T21:01:26Z,Spells,Nils Frahm,Nils Frahm,Encores 2,2019-01-25,754720,,False,0dIg2sKreVGnWJPSPotagc,2C2LdCgWMw6MkJ5RGJi5eg,5gqhueRUZEa7VDnQt4HODp
2019-09-13T20:50:48Z,November,trentemøller,trentemøller,Fixion,2016-09-16,408906,,False,5whlPfghDmlM1e660y0u6D,0K5Sy4XK8I2dk5E96zfHTi,4O71i7ke5iIBX6RNSFoZbS
2019-09-06T13:22:54Z,The Blue Notebooks,Max Richter,Max Richter; Tilda Swinton,The Blue Notebooks (15 Years),2018-05-11,79826,,False,05ST29gNqPs6wqLX3YnR4T,1rTHmwhZwhhvivx3pdXXdo,2VZNmg4vCnew4Pavo8zDdW
2019-09-06T13:22:54Z,On the Nature of Daylight,Max Richter,Max Richter; Louisa Fuller; Natalia Bonner; John Metcalfe; Philip Sheppard; Chris Worsey,The Blue Notebooks (15 Years),2018-05-11,371746,,False,56oReVXIfUO9xkX7pHmEU0,1rTHmwhZwhhvivx3pdXXdo,2VZNmg4vCnew4Pavo8zDdW
2019-09-06T13:22:54Z,Horizon Variations,Max Richter,Max Richter,The Blue Notebooks (15 Years),2018-05-11,112613,,False,37xq4ONkOsboVdMMkYhdOm,1rTHmwhZwhhvivx3pdXXdo,2VZNmg4vCnew4Pavo8zDdW
2019-09-06T13:22:54Z,Shadow Journal,Max Richter,Max Richter; Tilda Swinton; Louisa Fuller; Natalia Bonner; John Metcalfe; Philip Sheppard; Chris Worsey,The Blue Notebooks (15 Years),2018-05-11,502986,,False,4cXFtk0n7aPjiypuF1HFaA,1rTHmwhZwhhvivx3pdXXdo,2VZNmg4vCnew4Pavo8zDdW
2019-09-06T13:22:54Z,Iconography,Max Richter,Max Richter,The Blue Notebooks (15 Years),2018-05-11,218853,,False,6h3detvfBsYvepS77rckEv,1rTHmwhZwhhvivx3pdXXdo,2VZNmg4vCnew4Pavo8zDdW
2019-09-06T13:22:54Z,Vladimir's Blues,Max Richter,Max Richter,The Blue Notebooks (15 Years),2018-05-11,78546,,False,6a7vpKrVXdAyMItaQI9ZYS,1rTHmwhZwhhvivx3pdXXdo,2VZNmg4vCnew4Pavo8zDdW
2019-09-06T13:22:54Z,Arboretum,Max Richter,Max Richter; Tilda Swinton; Louisa Fuller; Natalia Bonner; John Metcalfe; Philip Sheppard; Chris Worsey,The Blue Notebooks (15 Years),2018-05-11,173533,,False,5ZN8rZBcZKqGFcAD8er941,1rTHmwhZwhhvivx3pdXXdo,2VZNmg4vCnew4Pavo8zDdW
2019-09-06T13:22:54Z,Old Song,Max Richter,Max Richter; Tilda Swinton,The Blue Notebooks (15 Years),2018-05-11,131400,,False,5OiQrtOkyU2sY7UPmGtUYJ,1rTHmwhZwhhvivx3pdXXdo,2VZNmg4vCnew4Pavo8zDdW
2019-09-06T13:22:54Z,Organum,Max Richter,Max Richter,The Blue Notebooks (15 Years),2018-05-11,193480,,False,0xyUCEk6IkYMN6asvcavk9,1rTHmwhZwhhvivx3pdXXdo,2VZNmg4vCnew4Pavo8zDdW
2019-09-06T13:22:54Z,The Trees,Max Richter,Max Richter; Tilda Swinton; Louisa Fuller; Natalia Bonner; John Metcalfe; Philip Sheppard; Chris Worsey,The Blue Notebooks (15 Years),2018-05-11,472760,,False,3u7yhrMVrJ4qpe0jzDnEmT,1rTHmwhZwhhvivx3pdXXdo,2VZNmg4vCnew4Pavo8zDdW
2019-09-06T13:22:54Z,Written on the Sky,Max Richter,Max Richter,The Blue Notebooks (15 Years),2018-05-11,100013,,False,2ffwBvpsQhgXyU7zBUOhwP,1rTHmwhZwhhvivx3pdXXdo,2VZNmg4vCnew4Pavo8zDdW
2019-09-06T13:22:54Z,A Catalogue of Afternoons,Max Richter,Max Richter,The Blue Notebooks (15 Years),2018-05-11,110880,,False,54Hw7R909mkcRNpqW2VnaD,1rTHmwhZwhhvivx3pdXXdo,2VZNmg4vCnew4Pavo8zDdW
2019-09-06T13:22:54Z,On the Nature of Daylight - Orchestral Version,Max Richter,Max Richter; Lorenz Dangel,The Blue Notebooks (15 Years),2018-05-11,396066,,False,0tYuVSs2DqXhtXT4JzDWSt,1rTHmwhZwhhvivx3pdXXdo,2VZNmg4vCnew4Pavo8zDdW
2019-09-06T13:22:54Z,Vladimir's Blues 2018,Max Richter,Max Richter,The Blue Notebooks (15 Years),2018-05-11,89960,,False,63BuWRRIrcQlxuxPmU87kQ,1rTHmwhZwhhvivx3pdXXdo,2VZNmg4vCnew4Pavo8zDdW
2019-09-06T13:22:54Z,On the Nature of Daylight (Entropy),Max Richter,Max Richter; Louisa Fuller; Natalia Bonner; John Metcalfe; Chris Worsey; Ian Burdge,The Blue Notebooks (15 Years),2018-05-11,413800,,False,6lvJV4kU2oXyjeP2QoXK7k,1rTHmwhZwhhvivx3pdXXdo,2VZNmg4vCnew4Pavo8zDdW
2019-09-06T13:22:54Z,Vladimir's Blues - Jlin Remix,Max Richter,Max Richter; Jlin,The Blue Notebooks (15 Years),2018-05-11,225373,,False,3L3pw1geFsZOVuk21Yuvzl,1rTHmwhZwhhvivx3pdXXdo,2VZNmg4vCnew4Pavo8zDdW
2019-09-06T13:22:54Z,Iconography - Konx-Om-Pax Remix,Max Richter,Max Richter; Konx-Om-Pax,The Blue Notebooks (15 Years),2018-05-11,235933,,False,66ryeLWoLiiUzqI04NuLGB,1rTHmwhZwhhvivx3pdXXdo,2VZNmg4vCnew4Pavo8zDdW
2019-09-06T13:22:54Z,This Bitter Earth / On The Nature Of Daylight,Clyde Otis,Clyde Otis; Max Richter; Dinah Washington; Louisa Fuller; Natalia Bonner; John Metcalfe; Philip Sheppard; Chris Worsey,The Blue Notebooks (15 Years),2018-05-11,372746,,False,0fVUKrJpQM7jMTgOABVkyi,1rTHmwhZwhhvivx3pdXXdo,2BziwabW57ZUKsJE1sTSSE
2019-09-04T19:37:08Z,Valentine My Funny,F.S.Blumm,F.S.Blumm; Nils Frahm,Tag Eins Tag Zwei,2016-04-01,435666,,False,0g14q3zrGDf8GiVH8WnDl8,1GiZCxzoFZqoc8JlgLTmYF,4cHtgM7lauSNaau5uAm5Cc
2019-08-31T03:49:53Z,Prehistoric Dog,Red Fang,Red Fang,Red Fang,2009-03-10,268280,,False,31joRJoijYOGBIW4444Fwk,1orQuQDeSCf7yEPSEAb6Gb,3u4HBuoQ4dgPBzX2Q9uf5S
2019-07-27T22:11:44Z,Zombie,Bad Wolves,Bad Wolves,Zombie,2018-01-19,254805,,False,1vNoA9F5ASnlBISFekDmg3,768Mgdrb3yUmNJ4HW4IJOL,0eI3X5rAzHRZVe5FPk4MN1
2019-07-27T21:28:51Z,Just Being Me,Myles Sanko,Myles Sanko,Just Being Me,2016-10-28,233726,,False,6rPL9C1JddZXg5qERuHrie,20xKk3TGGb1kZTrdY09V9r,0EeY17gAdOJIBjNrpi6q1G
2019-07-27T21:28:31Z,Youngblood,Russian Circles,Russian Circles,Station,2008-05-06,454560,,False,1HLzOkMLl4m7phBs846sNG,4YMCNSRMOzAyFfC4ToQ60x,0AZ3VR0YbFcS0Kgei7L2QF
2019-07-27T21:28:13Z,Enormous Penis,Da Vinci's Notebook,Da Vinci's Notebook,Brontosaurus,2002,164933,,False,7dUCFnaGSWLH6SdDP08NLP,4TP4fxDJUhtN1DrQRAnG7C,4rIDY3ojaWd7Z9ky9SFc1g
2019-06-12T02:23:50Z,The Fool,Æther Realm,Æther Realm,Tarot,2017-06-07,474571,,False,5AatEZYp1CnnyHnJteEAwh,5D7pDFHMfyzgdVga2j2gV8,0zDqgJmDuaocA7TMvJX1d1
2019-06-12T02:23:50Z,Tarot,Æther Realm,Æther Realm,Tarot,2017-06-07,263368,,False,5DbKVjLGkzoceLeP4LmUhL,5D7pDFHMfyzgdVga2j2gV8,0zDqgJmDuaocA7TMvJX1d1
2019-06-12T02:23:50Z,The Tower,Æther Realm,Æther Realm,Tarot,2017-06-07,176375,,False,1WLu8EOKXRn5XLotgZiqcs,5D7pDFHMfyzgdVga2j2gV8,0zDqgJmDuaocA7TMvJX1d1
2019-06-12T02:23:50Z,King of Cups (feat. Chris Bowes),Æther Realm,Æther Realm; Chris Bowes,Tarot,2017-06-07,299056,,True,0z7wk0UN39Ad7vVznUQjfm,5D7pDFHMfyzgdVga2j2gV8,0zDqgJmDuaocA7TMvJX1d1
2019-06-12T02:23:50Z,Death,Æther Realm,Æther Realm,Tarot,2017-06-07,268235,,False,5fCxA8Tn0SqqriqJxjSSXT,5D7pDFHMfyzgdVga2j2gV8,0zDqgJmDuaocA7TMvJX1d1
2019-06-12T02:23:50Z,The Chariot,Æther Realm,Æther Realm,Tarot,2017-06-07,384090,,False,7ePSdPdoPi1OSORamul3nR,5D7pDFHMfyzgdVga2j2gV8,0zDqgJmDuaocA7TMvJX1d1
2019-06-12T02:23:50Z,The Devil,Æther Realm,Æther Realm,Tarot,2017-06-07,525408,,False,4Lm1hq3xUwD0vgsBebkY9t,5D7pDFHMfyzgdVga2j2gV8,0zDqgJmDuaocA7TMvJX1d1
2019-06-12T02:23:50Z,The Emperor,Æther Realm,Æther Realm,Tarot,2017-06-07,168833,,True,33JK0pxOCr6pjxYR05clVp,5D7pDFHMfyzgdVga2j2gV8,0zDqgJmDuaocA7TMvJX1d1
2019-06-12T02:23:50Z,Strength,Æther Realm,Æther Realm,Tarot,2017-06-07,377031,,False,5LCIJnENwUw8m75S04Xb8f,5D7pDFHMfyzgdVga2j2gV8,0zDqgJmDuaocA7TMvJX1d1
2019-06-12T02:23:50Z,Temperance,Æther Realm,Æther Realm,Tarot,2017-06-07,327684,,False,4SwOC2j3jou3UL454PIgzm,5D7pDFHMfyzgdVga2j2gV8,0zDqgJmDuaocA7TMvJX1d1
2019-06-12T02:23:50Z,"The Sun, the Moon, the Star",Æther Realm,Æther Realm,Tarot,2017-06-07,1149621,,False,3pWYd7jexG4v82Tl4hC0qR,5D7pDFHMfyzgdVga2j2gV8,0zDqgJmDuaocA7TMvJX1d1
2019-05-13T14:51:17Z,Immerse!,Nils Frahm,Nils Frahm,Solo Remains,2016-03-28,646650,,False,0AvBmRrqGbaWvHlS9oc2Ib,3Pp0CvbFDTu5mi67dcYDDT,5gqhueRUZEa7VDnQt4HODp
2019-05-07T21:29:46Z,bad guy,Billie Eilish,Billie Eilish,"WHEN WE ALL FALL ASLEEP, WHERE DO WE GO?",2019-03-29,194087,,False,2Fxmhks0bxGSBdJ92vM42m,0S0KGZnfBGSIssfF54WSJh,6qqNVTkY8uBg9cP3Jd7DAH
2019-03-27T21:02:56Z,"Sweetheart Bandits 2: ""We All Get Caught""",Mike Patton,Mike Patton,1922 (Original Motion Picture Soundtrack),2018-07-20,283026,,False,1B56aMqrxvh3RNqqVi2pfh,7lcqRhx8uRfdxnu8bq8QpX,34Ai24gPz5YJ8NbksiNFef
2019-03-17T19:47:55Z,Little Fishes,The Claypool Lennon Delirium,The Claypool Lennon Delirium,South Of Reality,2019-02-22,366226,,False,0GincWXWLcFwoWlB2dytmN,7ErIX3vunFAfsNJ8nAKkVo,2yUsje7CszKGu4g1f4ih3b
2019-03-17T19:47:55Z,"Blood And Rockets: Movement I, Saga Of Jack Parsons - Movement II, Too The Moon",The Claypool Lennon Delirium,The Claypool Lennon Delirium,South Of Reality,2019-02-22,389826,,False,4TlFBaclopWlzNMAQTbznW,7ErIX3vunFAfsNJ8nAKkVo,2yUsje7CszKGu4g1f4ih3b
2019-03-17T19:47:55Z,South Of Reality,The Claypool Lennon Delirium,The Claypool Lennon Delirium,South Of Reality,2019-02-22,207706,,False,0yoFBb7Ndih88lRJSzkiku,7ErIX3vunFAfsNJ8nAKkVo,2yUsje7CszKGu4g1f4ih3b
2019-03-17T19:47:55Z,Boriska,The Claypool Lennon Delirium,The Claypool Lennon Delirium,South Of Reality,2019-02-22,325040,,False,33OOK7khLybof37ssC3uxB,7ErIX3vunFAfsNJ8nAKkVo,2yUsje7CszKGu4g1f4ih3b
2019-03-17T19:47:55Z,Easily Charmed By Fools,The Claypool Lennon Delirium,The Claypool Lennon Delirium,South Of Reality,2019-02-22,310626,,False,4PjZoS3B2lUL6Sulg9QY4E,7ErIX3vunFAfsNJ8nAKkVo,2yUsje7CszKGu4g1f4ih3b
2019-03-17T19:47:55Z,Amethyst Realm,The Claypool Lennon Delirium,The Claypool Lennon Delirium,South Of Reality,2019-02-22,467466,,False,7IPmmOkhYE1gJWMZQGBsCt,7ErIX3vunFAfsNJ8nAKkVo,2yUsje7CszKGu4g1f4ih3b
2019-03-17T19:47:55Z,Toady Man's Hour,The Claypool Lennon Delirium,The Claypool Lennon Delirium,South Of Reality,2019-02-22,192950,,False,3RS3qLkp5ZzsYQBA12Wp01,7ErIX3vunFAfsNJ8nAKkVo,2yUsje7CszKGu4g1f4ih3b
2019-03-17T19:47:55Z,"Cricket Chronicles Revisited: Part I, Ask Your Doctor - Part II, Psyde Effects",The Claypool Lennon Delirium,The Claypool Lennon Delirium,South Of Reality,2019-02-22,383143,,False,2oDccMKWbwA2Tbi8h8hxEr,7ErIX3vunFAfsNJ8nAKkVo,2yUsje7CszKGu4g1f4ih3b
2019-03-17T19:47:55Z,Like Fleas,The Claypool Lennon Delirium,The Claypool Lennon Delirium,South Of Reality,2019-02-22,211480,,False,78Pp77SBn28c2VWh8hBpcJ,7ErIX3vunFAfsNJ8nAKkVo,2yUsje7CszKGu4g1f4ih3b
2019-02-11T03:53:06Z,34268,Nick Walters,Nick Walters; The Paradox Ensemble; Rebecca Nash,Awakening,2019-02-01,478262,,False,1AiaITWunwxnr5Iu0O7gjm,65hJ2PuePj8eTRkpxtJo7g,5a6sros3Ji7xS9QKav9il2
2019-02-11T03:53:06Z,Dear Old Thing,Nick Walters,Nick Walters; The Paradox Ensemble; Rebecca Nash,Awakening,2019-02-01,388132,,False,0VqkTZuT2sk4jVmJYmi9hX,65hJ2PuePj8eTRkpxtJo7g,5a6sros3Ji7xS9QKav9il2
2019-02-11T03:53:06Z,Brahman,Nick Walters,Nick Walters; The Paradox Ensemble; Rebecca Nash,Awakening,2019-02-01,603602,,False,1SABollfpkHdvppiXIpsqA,65hJ2PuePj8eTRkpxtJo7g,5a6sros3Ji7xS9QKav9il2
2019-02-11T03:53:06Z,Zeno,Nick Walters,Nick Walters; The Paradox Ensemble; Rebecca Nash,Awakening,2019-02-01,486119,,False,1EBvbg4l0ved9EtzVFGRhD,65hJ2PuePj8eTRkpxtJo7g,5a6sros3Ji7xS9QKav9il2
2019-01-31T18:15:17Z,Echoes,Rodrigo y Gabriela,Rodrigo y Gabriela,Echoes,2019-01-31,1137586,,False,4OvRJwFYZsu3s0pw2HqdDZ,6iU2JeMVk51wotSG1SRJRx,7vX3cMVyW8gtDA4y855ynF
2019-01-29T21:17:01Z,Copper Wasp,Night Verses,Night Verses,From the Gallery of Sleep,2018-06-29,291615,,False,25iyjeI9UFmn9Ra3WpTGAu,4HYYq0DrvR7L6G7nINEw69,55GUoQ2E2hze3842bFs4bb
2019-01-29T21:08:44Z,Infinity Beach,Night Verses,Night Verses,From the Gallery of Sleep,2018-06-29,348747,,False,2tlfCP9sbv7EiQETYBcSmX,4HYYq0DrvR7L6G7nINEw69,55GUoQ2E2hze3842bFs4bb
2019-01-29T20:58:04Z,Green Tea,John Scofield,John Scofield,A Go Go,1998-04-07,311600,,False,1Qo5nLKvPYqiTbXrM7YJjt,08JMKtDS0StcwDUgdxKIw3,14RXohtx6NiBGFTW8IdmAK
2019-01-29T20:23:48Z,Denmark / Van Gogh & Gone,Psychedelic Porn Crumpets,Psychedelic Porn Crumpets,"High Visceral, Pt. 1",2016-03-19,449346,,False,7sP57RtB31LWReHyQ02RxX,2BlcdDBE62JOtVOgC3L3xo,7GRrLcUxwtQLvOpO7OHO80
2019-01-29T20:23:45Z,"Black Night, Golden Circus",Strawberry Girls,Strawberry Girls,Italian Ghosts,2017-02-17,371106,,False,4192Cf2os3iw1gvV0OVLQW,1CIPHhhLZlI71mzKRp0OJW,4CyxMgnF71FyOWADVWxJRE
2019-01-29T20:23:40Z,Forest,Zoë Keating,Zoë Keating,Into The Trees,2010-01-01,45000,,False,2sVVakpPOczcElrVJ9vNaK,5CXgHsxu4SydFFeJ6ClHY4,6OHXnLZCeWUwtdDsBdqOdr
2019-01-29T20:07:53Z,Kalandar,Shye Ben Tzur,Shye Ben Tzur; Jonny Greenwood; The Rajasthan Express,Junun,2015-11-20,529693,,False,0hKUG5Lui8bG6tDVXTXR9r,34hrDcvF6cVfSKS70c25Xn,2UCzkuXiE37VD7K123J4Tf
2018-12-27T23:25:36Z,Nearly Lost You,Screaming Trees,Screaming Trees,Sweet Oblivion,1992,247089,,False,7qzFXUvBk7lELXuxVREypV,3SOcm48I0DOX1KEHF2IEVY,3Ukr3Ufjg8ygRJv7Ww887f
2018-12-19T23:33:00Z,Lateralus,Ernesto Schnack,Ernesto Schnack,Herramienta,2018,520760,,False,2Npcykw8aIROp6jGjH8rDb,6VE0AvxF8h5enlognXJotO,747tlXumGKkuRY8xRbrYjC
2018-06-08T00:09:45Z,Sanctuary,Elder,Elder,Reflections of a Floating World,2017-06-02,673666,,False,5NVLof0mF9OkjtP5dtOiRB,15yxKj4XCoCfSVJsgRjZQt,1687IqXRdWmbRshgn194tT
2018-06-07T23:59:31Z,"Dark Prince, Pt. 3",Atrey,Atrey,Dark Prince,2015-10-31,228028,,False,2zGsystFbZwMAlrJYxPHNL,7F5QqidQ5gDSIWBIY8Khy4,73S1zHIBGAuJyjdDIEELqw
2018-06-07T23:59:29Z,Bats in the Belfry,Jon Kennedy,Jon Kennedy,HA!,2017-09-22,258925,,False,2CvqA0HXoBk46epUacjLaB,4i6BAj5zSw2kAdOZ6iLQkP,0quxTLpktFyiRP853em5Fn
2018-06-07T23:17:04Z,Western Isles,Hidden Orchestra,Hidden Orchestra,Dawn Chorus,2017-06-16,373466,,False,5aQ5ZWnX5tVOIIHMRQgbRG,0nrfkNR7u975aqMt0R1E7n,4Rj2COYs5hQsw8rYIxSviz
2018-06-07T23:03:44Z,Swallowing Teeth,If These Trees Could Talk,If These Trees Could Talk,The Bones of a Dying World,2016-06-03,267200,,False,3an4AA3vBuzfdyyQF4nsvF,1Lodl6h6XvqagHDC1bnsC8,2GVzsXcXyU95u2EahzwqN7
2018-06-07T22:54:48Z,Black Satin,Lettuce,Lettuce,Witches Stew,2017-10-13,211077,,False,25NrFB8QyBsPK89POiMPyk,5p0YrSUdEeURL2Ei1WNLZP,1fZXjUQEkVbB0TvZX4qFR8
2018-06-07T22:54:41Z,Powerlines,Tame Impala,Tame Impala,Currents B-Sides & Remixes,2017-11-16,258706,,False,7nmtH3cyqEmKz8F09V60yO,04uXkrNhFJ1iWEo88MGPva,5INjqkS1o8h1imAzPqGZBb
2018-06-07T22:42:49Z,"Anthem for No State, Pt. III",Godspeed You! Black Emperor,Godspeed You! Black Emperor,Luciferian Towers,2017-09-22,516154,,False,0WC9LsPSCF2OnLrJ1xRCm4,2eOMttZbB9lBc9LLMj56xj,4svpOyfmQKuWpHLjgy4cdK
2018-06-07T22:36:43Z,Mobius Strip,The Physics House Band,The Physics House Band,Mercury Fountain,2017-04-21,188130,,False,1A2pG3i7cr5p8c1ujdCTyE,3HYb9C7ZODFw74BSsMhNCy,30EilmonVXftR1pWoALezP
2018-06-07T22:25:47Z,All the Stars Collide into a Single Ray,Naxatras,Naxatras,All the Stars Collide into a Single Ray,2017-09-17,539222,,False,7wjarvlMBkg2jd4O0Wb5ia,7vS6bkYIztq7O8VLxS9ZyA,6HN1s0JzLowapZ7nhOAJ71
2018-02-03T23:32:35Z,Moanin',Mingus Big Band,Mingus Big Band,Nostalgia in Times Square,1993-07-01,539360,,False,59BrMMx45o2Q7GtJALMhAQ,72GOiK3svYQ616wzDN03VK,54YNxT02JdAApvFBhD8ea0
2016-03-29T15:18:50Z,Spring 0 - 2012,Max Richter,Max Richter; Konzerthaus Kammerorchester Berlin; Andre de Ridder,"Recomposed By Max Richter: Vivaldi, The Four Seasons",2014-01-01,42266,,False,2jFzey7g0OhAqGjMLZZIgJ,0JBT8Sw5eGWC86DCrobOfY,2VZNmg4vCnew4Pavo8zDdW
2016-03-29T15:18:50Z,Spring 1 - 2012,Max Richter,Max Richter; Daniel Hope; Konzerthaus Kammerorchester Berlin; Andre de Ridder,"Recomposed By Max Richter: Vivaldi, The Four Seasons",2014-01-01,151506,,False,4gmhjAsvL6c7se2PBh7dHw,0JBT8Sw5eGWC86DCrobOfY,2VZNmg4vCnew4Pavo8zDdW
2016-03-29T15:18:50Z,Spring 2 - 2012,Max Richter,Max Richter; Daniel Hope; Raphael Alpermann; Konzerthaus Kammerorchester Berlin; Andre de Ridder,"Recomposed By Max Richter: Vivaldi, The Four Seasons",2014-01-01,198786,,False,4UAd0eKqASi9xUJet4n12I,0JBT8Sw5eGWC86DCrobOfY,2VZNmg4vCnew4Pavo8zDdW
2016-03-29T15:18:50Z,Spring 3 - 2012,Max Richter,Max Richter; Daniel Hope; Raphael Alpermann; Konzerthaus Kammerorchester Berlin; Andre de Ridder,"Recomposed By Max Richter: Vivaldi, The Four Seasons",2014-01-01,189160,,False,0SpyrMXY2wykAlE9BMI1wJ,0JBT8Sw5eGWC86DCrobOfY,2VZNmg4vCnew4Pavo8zDdW
2016-03-29T15:18:50Z,Summer 1 - 2012,Max Richter,Max Richter; Daniel Hope; Raphael Alpermann; Konzerthaus Kammerorchester Berlin; Andre de Ridder,"Recomposed By Max Richter: Vivaldi, The Four Seasons",2014-01-01,251426,,False,1Yt6et15Kl5a4DYdT3gpvK,0JBT8Sw5eGWC86DCrobOfY,2VZNmg4vCnew4Pavo8zDdW
2016-03-29T15:18:50Z,Summer 2 - 2012,Max Richter,Max Richter; Daniel Hope; Konzerthaus Kammerorchester Berlin; Andre de Ridder,"Recomposed By Max Richter: Vivaldi, The Four Seasons",2014-01-01,239333,,False,6t2EkCZnvylR82FbHTA3eg,0JBT8Sw5eGWC86DCrobOfY,2VZNmg4vCnew4Pavo8zDdW
2016-03-29T15:18:50Z,Summer 3 - 2012,Max Richter,Max Richter; Daniel Hope; Raphael Alpermann; Konzerthaus Kammerorchester Berlin; Andre de Ridder,"Recomposed By Max Richter: Vivaldi, The Four Seasons",2014-01-01,300880,,False,622SzYSd4p6ZahVRqS3DSv,0JBT8Sw5eGWC86DCrobOfY,2VZNmg4vCnew4Pavo8zDdW
2016-03-29T15:18:50Z,Autumn 1 - 2012,Max Richter,Max Richter; Daniel Hope; Raphael Alpermann; Konzerthaus Kammerorchester Berlin; Andre de Ridder,"Recomposed By Max Richter: Vivaldi, The Four Seasons",2014-01-01,341826,,False,2IZ2XmAFJA6gwcx4vi0OzV,0JBT8Sw5eGWC86DCrobOfY,2VZNmg4vCnew4Pavo8zDdW
2016-03-29T15:18:50Z,Autumn 2 - 2012,Max Richter,Max Richter; Daniel Hope; Raphael Alpermann; Konzerthaus Kammerorchester Berlin; Andre de Ridder,"Recomposed By Max Richter: Vivaldi, The Four Seasons",2014-01-01,187626,,False,0rSxXzLUElLutIwxlyMT5T,0JBT8Sw5eGWC86DCrobOfY,2VZNmg4vCnew4Pavo8zDdW
2016-03-29T15:18:50Z,Autumn 3 - 2012,Max Richter,Max Richter; Daniel Hope; Raphael Alpermann; Konzerthaus Kammerorchester Berlin; Andre de Ridder,"Recomposed By Max Richter: Vivaldi, The Four Seasons",2014-01-01,104800,,False,3mlGh8Kfo8mtb4sTzuizNl,0JBT8Sw5eGWC86DCrobOfY,2VZNmg4vCnew4Pavo8zDdW
2016-03-29T15:18:50Z,Winter 1 - 2012,Max Richter,Max Richter; Daniel Hope; Raphael Alpermann; Konzerthaus Kammerorchester Berlin; Andre de Ridder,"Recomposed By Max Richter: Vivaldi, The Four Seasons",2014-01-01,180560,,False,4zh10XoMG8T72WeOoGu69O,0JBT8Sw5eGWC86DCrobOfY,2VZNmg4vCnew4Pavo8zDdW
2016-03-29T15:18:50Z,Winter 2 - 2012,Max Richter,Max Richter; Daniel Hope; Konzerthaus Kammerorchester Berlin; Andre de Ridder,"Recomposed By Max Richter: Vivaldi, The Four Seasons",2014-01-01,171266,,False,5diF2ij2phwGpTVQ57RPXf,0JBT8Sw5eGWC86DCrobOfY,2VZNmg4vCnew4Pavo8zDdW
2016-03-29T15:18:50Z,Winter 3 - 2012,Max Richter,Max Richter; Daniel Hope; Konzerthaus Kammerorchester Berlin; Andre de Ridder,"Recomposed By Max Richter: Vivaldi, The Four Seasons",2014-01-01,279093,,False,6lGcajGc3KQzlfBmH7RiQK,0JBT8Sw5eGWC86DCrobOfY,2VZNmg4vCnew4Pavo8zDdW
2016-03-29T15:18:50Z,Shadow 1 - 2012,Max Richter,Max Richter,"Recomposed By Max Richter: Vivaldi, The Four Seasons",2014-01-01,232906,,False,7Kq7chOWLM3Byif0R1gicc,0JBT8Sw5eGWC86DCrobOfY,2VZNmg4vCnew4Pavo8zDdW
2016-03-29T15:18:50Z,Shadow 2 - 2012,Max Richter,Max Richter,"Recomposed By Max Richter: Vivaldi, The Four Seasons",2014-01-01,149773,,False,2am2HxvwIzEIpxI8gwtHHb,0JBT8Sw5eGWC86DCrobOfY,2VZNmg4vCnew4Pavo8zDdW
2016-03-29T15:18:50Z,Shadow 3 - 2012,Max Richter,Max Richter,"Recomposed By Max Richter: Vivaldi, The Four Seasons",2014-01-01,213320,,False,4zz96GfjZC1RVUgItTokiR,0JBT8Sw5eGWC86DCrobOfY,2VZNmg4vCnew4Pavo8zDdW
2016-03-29T15:18:50Z,Shadow 4 - 2012,Max Richter,Max Richter,"Recomposed By Max Richter: Vivaldi, The Four Seasons",2014-01-01,152626,,False,7zmX6HIwejHggOFOf9obVh,0JBT8Sw5eGWC86DCrobOfY,2VZNmg4vCnew4Pavo8zDdW
2016-03-29T15:18:50Z,Shadow 5 - 2012,Max Richter,Max Richter,"Recomposed By Max Richter: Vivaldi, The Four Seasons",2014-01-01,181053,,False,3dCqI9IdhqWSkfXLNjEefx,0JBT8Sw5eGWC86DCrobOfY,2VZNmg4vCnew4Pavo8zDdW
2015-08-15T05:38:22Z,Detachable Penis,King Missile,King Missile,Rhino Hi-Five: King Missile,2007-06-26,203240,,False,3vA3kv3NDvOpFQA3bFkGbw,7lwAVQkSWaA8ICbudvdEz5,4ab0zJgTZPWz00v2PrdJI4
